title,url,source,date
培育34家领军企业 32万家企业设立“首席质量官” 质量强国建设取得积极成效,http://www.ce.cn/cysc/newmain/yc/jsxw/202602/t20260205_2754856.shtml,中国经济网,2026-02-06
聚全球智慧赋能能源创新 2026中国油气工程技术交流大会启幕在即,http://www.ce.cn/cysc/newmain/yc/jsxw/202602/t20260205_2754486.shtml,中国经济网,2026-02-06
人工智能百花齐放背后的中国创新密码,http://www.ce.cn/cysc/newmain/yc/jsxw/202602/t20260205_2754162.shtml,中国经济网,2026-02-06
机构密集调研人形机器人产业链公司,http://www.ce.cn/cysc/newmain/yc/jsxw/202602/t20260205_2753612.shtml,中国经济网,2026-02-06
“以竹代塑”绿色产业体系初步建立,http://www.ce.cn/cysc/newmain/yc/jsxw/202602/t20260205_2753327.shtml,中国经济网,2026-02-06
人形机器人技术再获突破 产业发展按下“加速键”,http://www.ce.cn/cysc/newmain/yc/jsxw/202602/t20260205_2752954.shtml,中国经济网,2026-02-06
跨越“应用鸿沟” 新兴产业向场景要答案,http://www.ce.cn/cysc/newmain/yc/jsxw/202602/t20260205_2752947.shtml,中国经济网,2026-02-06
2025年中国国际服务贸易交易会,http://expo.ce.cn/zt/2025/ciftis2025/index.shtml,中国经济网,2026-02-06
推动数据产业高质量发展专题新闻发布会,http://www.ce.cn/cysc/ztpd/2024/sjcy/,中国经济网,2026-02-06
嘉吉陈冕：看好植物基蛋白产品在中国市场发展,http://www.ce.cn/cysc/sp/info/202011/07/t20201107_35984488.shtml,中国经济网,2026-02-06
中国医疗器械产业峰会暨2020国药器械生态大会,http://www.ce.cn/cysc/ztpd/2020zt/CMDC2020/,中国经济网,2026-02-06
