title,url,source,published_date,keyword,date
【好评中国】让青年人才成为乡村全面振兴“新引擎” - 新浪网,https://news.google.com/rss/articles/CBMimAFBVV95cUxPLXJhMU9uUERnVW5wSnVkLTBIWmg4UzJzM0tkalM5N2FLeUFHcW9Qd0stbjkxSFQ2eVZaNHBHYmpVTzE1SWhrTmRzdGlmQ3BtYms3bExHTDRTLWNoVzdZN2xtcTNrdE5vN2t2aVBOb1dxZVpvelg5ZF83aG9WMDd2ZVlrYjJxRUlidVJYOW0xb3c2Sy13ZGtodA?oc=5&hl=en-US&gl=US&ceid=US:en,新浪网,"Thu, 05 Feb 2026 09:19:52 GMT",人才政策,2026-02-06
长沙县：“人才友好”奏响县域高质量发展最强音 - Sohu,https://news.google.com/rss/articles/CBMihwFBVV95cUxOMWdNUDN6ZFo3VFluNy1DOXJiMGJ1aFRfMjJ0a3hiN19jRHFwUURZWmdvaEJFQmt3cS1FZHAzU2haNzdwajc3bkVxYUo4Mjdld0pTZGUwRjFvd19qT2RIakprNVlSRnhsUGNOSWlITXdZYVBrQ2VtODNCdzR4dWZwNll5LURvMlE?oc=5&hl=en-US&gl=US&ceid=US:en,Sohu,"Thu, 05 Feb 2026 02:53:10 GMT",人才政策,2026-02-06
内地企业出海专班核心成员，寰行盛世激活跨境人才服务新价值 - 中华网,https://news.google.com/rss/articles/CBMibEFVX3lxTE41d2VDS3k1dmhoRHIwUnBfejE0NEdodllDbWpBX2Z3UkctOXYzSk1ydjFqQ1lpUGhaVnpoemtzazJFX25SMklRTTdTMFpNX2h3MkRiQlR5UUlzLTd1cUZiX0U4S1UtWFBhLTNZdg?oc=5&hl=en-US&gl=US&ceid=US:en,中华网,"Thu, 05 Feb 2026 07:19:19 GMT",人才政策,2026-02-06
2026上海两会·申音丨张磊：引育留用并重，为上海科创中心建设筑好人才“蓄水池” - QQ News,https://news.google.com/rss/articles/CBMiVkFVX3lxTE0ydDR1dV9ZRTlvNzFGQWt4TVFIT1dObFhWdXlOOWEwYi1Ybkp1RHdSbkRwaTdlZ2thSXc4LTh3SDZIbGxJRFVQbEFGMGh0bkpnMktGQ1pR?oc=5&hl=en-US&gl=US&ceid=US:en,QQ News,"Thu, 05 Feb 2026 02:39:00 GMT",人才政策,2026-02-06
全球名校硕博组团打卡珠海 - MSN,https://news.google.com/rss/articles/CBMi7gFBVV95cUxNcVBnNHEzRXpLemFTa3FVdm1IOWQwV0dZSlRIWjNBNk1GeGJHbFBhWnBCbTdmLTZCbUdIeld5WXpwNzhkNUxkN0FDZk41Y1dkSzBzWWNMQ2Z2YUxIQy1PSnBqQW54djBDeTZDRlZiOS04VGpOTG9uQTJyUjZzcjcyS0VNbXA1R3RPUFpPbUplM2dzSlp2MnBJMzRBcklRSVBKUXFrQ2JjQ0YtWVA4M2E3d250YkJOazJQTURqTlBKN3p6eW9TODYzaTk1STZzTWtkYUxBYmprd3FYNWxsMjZ5MzVPOWE3T3JkTGJONXNR?oc=5&hl=en-US&gl=US&ceid=US:en,MSN,"Thu, 05 Feb 2026 16:55:29 GMT",人才政策,2026-02-06
盛会关注｜“3个80%”里的人才观 - 新浪网,https://news.google.com/rss/articles/CBMiwwJBVV95cUxOSmtkYWpjcGZteUdNMVk3UlNTWkhvNFF3eTdIVUNLLUtpdWV5ZkxBQ2htYmpBRXZaV2RNLTdEcExPdlVBVUpualZQZXUyUWMtSjdWSlh0WGhIYTd1YUtYQzdjdm9lMlBIRFZrQXhKR0RsdDY2TU0yYURMZmpmYXo5aUtJRVAtYmxIVndJRnFIenZrX3RheWJ4QUR4elVydF9GSmw3VkhaVndYWFNmNjdPZ1k3RFpBUll4S0VHNXhxUGlKaG5uX2YtckJUT1k5d3RpWTFydC1ENnlLODZIbTVobHJHUS1Fc1FRSDNXcExkYV8zaFZwUGlYeExiRjQwTUpSeTUxTHhIdnVpMUF5aThWTFBxTUlYMkpBODFTVkZqODVUanhEMDVLTHI0MndWUHRObnVTUXpPTlFnM1FvTTRBQ2xKQQ?oc=5&hl=en-US&gl=US&ceid=US:en,新浪网,"Thu, 05 Feb 2026 03:29:51 GMT",人才政策,2026-02-06
绿园区人才交流座谈会凝聚高质量发展智力支撑 - Sohu,https://news.google.com/rss/articles/CBMiVEFVX3lxTE5VTUN2VUpOYTRyTjRITTA2ZXh1azJqeG5WclJUNjcwa1ctSUNCVWlMc3Ezckt0QWV6ODVOcjVUbG5iT2xaaUJsX3RjWUtibDNUUy10Qw?oc=5&hl=en-US&gl=US&ceid=US:en,Sohu,"Thu, 05 Feb 2026 09:41:28 GMT",人才政策,2026-02-06
首届“北外滩之夜”2026年虹口区各界人才新春音乐会温情奏响 - QQ News,https://news.google.com/rss/articles/CBMiVkFVX3lxTE10WVA5YjEwZVB4VUREdzgtYXVtekFiMXFnaHNFN3VaRzI2dE1sSmRZZnJ1WDYtM2pwNGM1X3RnUHRtd2FSaXpTckFQTk5qSTg4YWEtNFNR?oc=5&hl=en-US&gl=US&ceid=US:en,QQ News,"Thu, 05 Feb 2026 01:11:00 GMT",人才政策,2026-02-06
吉林工商学院计划招聘高层次人才及博士人才67人 - 新浪网,https://news.google.com/rss/articles/CBMimAFBVV95cUxQYmVvRUdmOUdHNElFOXVDSF9IQkVfY1VWN2d2dmgzS0g2VFlVVS1iMEZvM09HOUQ0bGN2SW41MVNxNzh3OTBodnVxYWRsdnRxNjJKUFluUElfbnI4YWhpOGtnQW84b3dxcVUyZFJrQUZRdHUwNWxGNG9fODZWTmVNb0hyYkZ3SjZWWkZKUFNXUW50Q2xIN25lTg?oc=5&hl=en-US&gl=US&ceid=US:en,新浪网,"Thu, 05 Feb 2026 04:31:47 GMT",人才政策,2026-02-06
人才夜市进公园 - MSN,https://news.google.com/rss/articles/CBMiyAJBVV95cUxOaWlKRmY5RGFseXZhVk5SUUlxOUhNVURDZlFJUmtxYWk0dXl2TFQ4NV80b1FVdU1NSFBwUXVRdVd4R1dxSnljOGVLXzFsOTE0X0pOYjFhWi1iTldzWXJQVWJ1RWtuM2R0WlJnLWdQMWs1aXVyU1NkUFhtNDd6WTZ2TGFHNU03TENIb2RsQjBnZjFHNU1zNlBrR0Q4ZGh0d0NQU1MwakpWQTZUSmV2TXdoQkRxWXREVkM1Yk85UnAtQjJHRzRIcUdiQTJOSXRBaEtvUnZQUUpEY3c4QUJLQmtpOFd5aEJrd1Z0V1M2cjVENmkyYUx3S3IwRTlvY0FHd2lyQmQyZUVCaGlFemttVzFFUEtmZGx5MDhXUTRjOHFJTG9kZ2t0MFJ1RllqUEo5eGFDSDFtMWJfUDc3bWdvaFh0c3otUFZWSkZG?oc=5&hl=en-US&gl=US&ceid=US:en,MSN,"Thu, 05 Feb 2026 02:09:24 GMT",人才政策,2026-02-06
致敬各界英才，虹口举行首届“北外滩之夜”新春音乐会 - 新浪网,https://news.google.com/rss/articles/CBMimAFBVV95cUxPVnJxME9UbTRiNjVkM09iaXpvOHhieXhCYUljeE1kOXZhbTcySUhiWW9FalVpbGxNc0RKZEk2QllkZUs1SXZqeFVYYUcwVHZ6VnlKWUl5c3M4Z2stOEtPblpaaXVxdUQ4Y0JkbFhUZncyZXdLY2tKUUZJNWx4OEl1MXZjbkc2ZFNURkFQTWZDbjNzdm9ITlZyNQ?oc=5&hl=en-US&gl=US&ceid=US:en,新浪网,"Thu, 05 Feb 2026 03:07:24 GMT",人才政策,2026-02-06
省政协委员孙昌军建议：强化应用场景牵引，推动“人工智能+制造”融合走深走实 - 新浪网,https://news.google.com/rss/articles/CBMieEFVX3lxTE9hd1ZLQjdUZ3I1bWl0X3F4cV9sTFpWeFJvY2t6OWJwd2tUSk51aDZlTmw4UUlZb2dxS1l3WWFfWHY4SDZaRVloQjhyQ2VaTFJkUXZFZUdPU3BzbkhuVXQ2NjljNDdPTmd3ajhsaHp0YVcwbVlxc3JTVg?oc=5&hl=en-US&gl=US&ceid=US:en,新浪网,"Thu, 05 Feb 2026 11:28:00 GMT",人才政策,2026-02-06
两会好声音丨文弢：加快制定普惠型科技保险实施细则 为科技创新构筑风险“防火墙” - 湖南红网,https://news.google.com/rss/articles/CBMiZkFVX3lxTFA5eXVSUVY2WUE3M0dPMVlVUkVnTWJ5TEpkeWxUcUhrWUxHem0yQUVWODlSQTA0ZWw2TjVFNGpmaENubVFiLTFfM3Y1ZE5USWVXNVZyV3liTUlYNml6YTZwaG11azhpdw?oc=5&hl=en-US&gl=US&ceid=US:en,湖南红网,"Thu, 05 Feb 2026 04:09:51 GMT",人才政策,2026-02-06
市十六届人大四次会议举行专题审议，为上海城市高质量发展建言献策 - jfdaily.com,https://news.google.com/rss/articles/CBMiWkFVX3lxTE5xSndZS2FrZDVhaGZnbnl2c2JUNU5LZ3FrX3N0NjcyXzlZWWRFN01MYUxOVkpZLU5iNm5VNXZPUXZXYzdScTVCZVN3UkhQZWp5bUVZbUkxMkJsUQ?oc=5&hl=en-US&gl=US&ceid=US:en,jfdaily.com,"Wed, 04 Feb 2026 22:57:00 GMT",人才政策,2026-02-06
【两会观察室】 “舍得把钱花在人身上”，滋养创新创业的梦想沃土 - 新浪网,https://news.google.com/rss/articles/CBMieEFVX3lxTFBKSFNjd3FQcldRYl9KY21ZTnBCazhyaWptZVdIdnl1cEJqUFlGLUdfc1VYYkk1cG9hRUNkaDZqTHM5dWlwaWhXTmpKakh2bjVXVFVHQzdIQXh5TThZWExtbzlKSTJ2S2Yydks1Y3NTVUdOQlROMnBEaw?oc=5&hl=en-US&gl=US&ceid=US:en,新浪网,"Thu, 05 Feb 2026 08:09:00 GMT",人才政策,2026-02-06
此心安处是江苏 - 新浪网,https://news.google.com/rss/articles/CBMimAFBVV95cUxQZTd6MERMRHpJbUY4YnFRdWJfenhxOHFYdUg3NlNWX2kzRHhSSnlJOEI3MTJWZEI1c05tTDNfclU2N2xmWFJrZFpNU2dFeGltUEZQRl9jY192b2dGMWRHMXdfZ0E1dl80SklIZmdpSk9naUJoN2pBcFRrc01paUVrZDFtYkk4TThsYVpzVTlfUEotcmg3MEJBNQ?oc=5&hl=en-US&gl=US&ceid=US:en,新浪网,"Thu, 05 Feb 2026 02:08:50 GMT",人才政策,2026-02-06
枝繁巢暖 孔雀北飞 - 新浪网,https://news.google.com/rss/articles/CBMimAFBVV95cUxNa2dZTFpZaG9TMmRpcVQ0amdWVjFCc3FpdndYOXk1ZnNnTWtxVWcyTkpmdzJNM2NwMHlFOTU4T1JnMXBiWFNKem8wc2NXZ19FNFhRazJ4N2w3VkFOWjdlQXJMRHN5VlFEY1hWMDBYY01NUGRZSWlPRHBHeER1bzlTNk1DdXBJeU9aM1JlbXZ2Y1RoXy1veTAyXw?oc=5&hl=en-US&gl=US&ceid=US:en,新浪网,"Thu, 05 Feb 2026 00:46:07 GMT",人才政策,2026-02-06
泰顺县委常委会会议专题研究一季度经济运行工作 - 温州新闻网,https://news.google.com/rss/articles/CBMiZkFVX3lxTE9sOTBvSnZydmVtT0JrZE5wY1hmamZuN2ZMMnQwc01kVGRXcjlNTFh5amgyUXloV0Zla293emZnckUxcXY2ZEZVN1ZRclhidGxHYV9NQTlMQnBab2Z4eVIyOS04MjFfZw?oc=5&hl=en-US&gl=US&ceid=US:en,温州新闻网,"Thu, 05 Feb 2026 02:22:47 GMT",人才政策,2026-02-06
甘肃调整住房公积金贷款政策 放宽新就业毕业生贷款条件 - 新浪网,https://news.google.com/rss/articles/CBMimAFBVV95cUxPZ0M0X3cwZkp4LWFBLVlPeGVQQ1VGTEZPYTdYQ3ZYZ3praFB0Yk5SR2NfNGg2djZrVG42d3JfcnBUdVpwVFEwRmsxSmx1aHhnOVpwam80RGhhZlUtWVFvTzJzbVphd3UwMWRZNVI2UVM4Z2ExZHFzWjRPOFJoYnFjUENncVViMDUxUGFaMGRBUUpCM3NDdF9kMQ?oc=5&hl=en-US&gl=US&ceid=US:en,新浪网,"Thu, 05 Feb 2026 07:26:41 GMT",人才政策,2026-02-06
“西融人才”共同见证“西融·人才港”正式启用 - Sohu,https://news.google.com/rss/articles/CBMihwFBVV95cUxOQWJhLTVJQmMzbTNVREhUSHJPc2tpZTNaZ0Zka2x2aVE2LWVscndTbHlYaXBEY0Zyc1oycUJVZVhiZzhEMy1tZk9odzc0Uk5WYlg5ZXVpUEE1UnNBQ3V3aHlNd1puaHktMWs5UDQ1OHZLRGpYUlEwUUgxTXBZaW5RQ19UQktWVHM?oc=5&hl=en-US&gl=US&ceid=US:en,Sohu,"Thu, 05 Feb 2026 14:43:42 GMT",人才政策,2026-02-06
百万年薪揽才！横琴赴广州开展“百万英才汇南粤” 专题招聘 - MSN,https://news.google.com/rss/articles/CBMimARBVV95cUxQU04xb3NDQzB0bTIzc0NTc2VYY1NrelYyUjdyT2ZWRTNWVXpsZ1liYzVJYzhYcDg1LThacHZMSmdPSGJNU01KZnMwTEEzS2FHQzJnZ3c4Rk9RazNGVHdFTHp1WTM3amlkZjRnQzVpRVRVMU96b2hMbkw3TTFwcWRQQmNfZ045VHp0YmtaTWREWUxRcjJRbjczT1NyYjR1TV9QMUxIQjA4YU13MWVhX25tcWFQTHZLRXdNR1BPZnhmVVJwdG9jcFR5REg4Q3pzOUJqRFVXdUNzaGQwT1hyN1hqcFpoMHF6alpXdVJKREFReFRranBCcjRSTW1HWW1Td0tOMEtxZWN5c2JJY2JXWlZPSTgzT3J5SllBQlZBM0xDMmMyWVFxNHVCZV9seV92aGxNV0p1Nk1HYlhKS0lFdUNMX21oa1R4ejBLanREaXctLTR6VWVhUlZmRUtCLUMyODR6WmFzRVl4b0JSbmFVcFhZLThrQWJlcGZOalJhaXRwZjdLNGpRYmZfel9XYWRiWlZwMnIxTk9jcEd1V0ozeUpBZXM5M0hBYWtWbWZhNTVzMDM4V3NMWWZ4clBOaHFESTJGUm0tWEt2VGpjdXd0SUlUa1BESHhhUk8xVWlBY0pOZW4yN21jZXlfU1ZDZGprTDJ0XzJxU3NFc3NZLXAtNjR4VXVMMHByVHhfLW1tTy1fNnJxdjB3TjZ5ZQ?oc=5&hl=en-US&gl=US&ceid=US:en,MSN,"Wed, 04 Feb 2026 20:29:24 GMT",人才政策,2026-02-06
养和医疗及香港理工签订培训协议 课程提供实习机会接通教学临床 - 香港01,https://news.google.com/rss/articles/CBMiywNBVV95cUxNZkdaZmxsZ210NnVocDN2eFNnUkt0T2NSVzU3Z1MyOGhpelJMZ3JtbHhibjk1LUNuMkxNa1d3QVE3LS1uUG9GTHl6aTdHb1dPTTl5X1V3dkRWU3R3bFBtZEVPM0pLRHROdGptcUV0Y3NRRi05RUhrTDZVOXRRbzdBcDlDU3VySWNFMEJnd1o1eE9BU3BaQ044U2lkYWhWeVZSc1Nyb2ZXRVVRZ3JFYkU5RHB2bzFMbUFaVnFmV1VreGVRU25QSHJyRFJreHpCMVpEbEd0bVZaWlc1bUZnV2tUX1RfYUVFakI0TXMxOGJiRlp1OXBhMmVNZHJadWRaakZYS1diMUVBbi0tM0U3UmQwVV81OWVweTRhckl0Q2cwdFFDTFBvN2IzSS1tenFsUFh6YmdPUjl4Q3hROGx5SWRyamFNSTZNSFJPVXU5bm1sSmFYNVhhTDdoOHhKRV9kTnpZNVpjakhoQUVBM1lJTnZvdVRrRTdILW9zYnhKc2xSZGdhc1QyeUd0Vjl5VFZ5V1BlRXlJZUFPcVl2c1VZbWF2M0RMMV8tSHduaENXYlJGMEx5RDUybTdRWDhUeG4yU0VSM3kyU1JnYzliUE0?oc=5&hl=en-US&gl=US&ceid=US:en,香港01,"Thu, 05 Feb 2026 11:11:00 GMT",人才政策,2026-02-06
“海聚济南 泉涌未来”留学英才新春分享会举办 - 网易,https://news.google.com/rss/articles/CBMiYkFVX3lxTE9hQUlaQXltMXEzbm5PVnBRYjFuN0RaVjlyUzByUnpQSkJzenktRm5SekdRSGx3WmM0TW53VUhDeGN5TGotSlJjY0pBU0pUdHBQY21HWWxHTG1MUGlJSWZVU3p3?oc=5&hl=en-US&gl=US&ceid=US:en,网易,"Thu, 05 Feb 2026 00:47:43 GMT",人才政策,2026-02-06
聚焦2026济南区县两会 | 2026年，济南市莱芜区聚焦优化创新创业生态，全力激活内生发展动力源 - 网易,https://news.google.com/rss/articles/CBMiYkFVX3lxTE14MHRTSlVBcW4zWEVSa1JBWnpCSHc0LXNZSWNzWlpkZzJsU1lpYkg5QnA2eVpEQnBUX1V5S2V6OC1WTTlXR2hxczBZcEhmYXpYLVBtYlF2NnRxNk0tRldrTkln?oc=5&hl=en-US&gl=US&ceid=US:en,网易,"Wed, 04 Feb 2026 23:31:20 GMT",人才政策,2026-02-06
【欧美君说】蔡元培留学归国后的大学教育改革故事 - chinanews.com.cn,https://news.google.com/rss/articles/CBMidkFVX3lxTFBSZUgzT05xanU1Wnl3aWdYZ1ptZURNYmk5dklYWGlGN3Y5WFBDTHV4ZFRyemtpT0RQaGRRUzh4ZlhRS3NZUmtOcU55amtiTWVjUEtkNkhIeG1UTW1SMlBqX3YwR2FBbnhCR0FkY1lOQ3RQT2p1WEE?oc=5&hl=en-US&gl=US&ceid=US:en,chinanews.com.cn,"Thu, 05 Feb 2026 01:05:00 GMT",教育改革,2026-02-06
郑庆华代表：成立上海市工程智能课程联盟，推进新工科教育改革 - 新浪网,https://news.google.com/rss/articles/CBMieEFVX3lxTFBnWVpTVTc5cTJxYlVDTVZlNF9IZkJVYzc3YjNHb2F1SXNvM2k1T2Q5UVZwWXZmUnNodTR2TUVYUl9XUkpHZnNuODFpYUJRWlNHOUxNdXFlbmhnNUNyX0F1UkR0SGFlTmhTbDh6djk4X0luWnlaSkxidw?oc=5&hl=en-US&gl=US&ceid=US:en,新浪网,"Thu, 05 Feb 2026 08:02:00 GMT",教育改革,2026-02-06
上海政协委员：取消中高考是早晚的事 教育改革迫在眉睫 - 中华网,https://news.google.com/rss/articles/CBMicEFVX3lxTE8tZFYtLWFJY19XQnduekdiSnlPMnAzSi1XVFgwOEtselRWbF96TGVUdmduRkhFNFIzV3JLbFRHSUFUemlNWXRzYzd5RFZISEd0WnlEcDBVV2pjQmNSdnpZYnlNb3piaHlHd2FKVUxxa1U?oc=5&hl=en-US&gl=US&ceid=US:en,中华网,"Thu, 05 Feb 2026 02:35:44 GMT",教育改革,2026-02-06
让优质教育扎根生长 - 新浪网,https://news.google.com/rss/articles/CBMimAFBVV95cUxNUzJiM1dWSENvM0F2RzlWRDZYMGZpYUFrcUhsRTBWRi1PTEE4Z3VMcTU2Mm5NV1RVT2VHNmlsQlF2WUstb3pLQnN5dFJoZjlOcmVTTFBmNUZhSWRxa3d3MHNTOXFrdV9uUm1nWHpURmxJVWJlMjZXdGhpbnI3VDJXQ05oSDltNHc5NUQ1cXBHSTljRGZhRHlINg?oc=5&hl=en-US&gl=US&ceid=US:en,新浪网,"Wed, 04 Feb 2026 22:49:04 GMT",教育改革,2026-02-06
规范办学 激发创新 - 人民网,https://news.google.com/rss/articles/CBMiakFVX3lxTE1BWkZJUmE5cHJZM2paZ0FmcTRId3B4RXRxZEc4R0drbFlnMktjbmJ4TGFlaUN3LTNjUDNFRTdmcVQ3WldhbWdpUWh2eHd3bW9yeXFULWlRUkVpOW5rSjlFNDNGdi1qcmw2TFE?oc=5&hl=en-US&gl=US&ceid=US:en,人民网,"Thu, 05 Feb 2026 00:35:00 GMT",教育改革,2026-02-06
AI时代教育当何为 - eeo.com.cn,https://news.google.com/rss/articles/CBMiV0FVX3lxTFBkeXMxTGhtVWJVTzV4T3RiTUFrcTdVdnZBSW5QNXdmWFBQNUFEQm8wMVJiNVcwWXRqSVBWY1N1Zm1lYkNHS05jWnhhMElMTExERHMwcVdyTQ?oc=5&hl=en-US&gl=US&ceid=US:en,eeo.com.cn,"Thu, 05 Feb 2026 03:33:00 GMT",教育改革,2026-02-06
绵阳市实验中学举行推动义教改革实验区建设大会暨2025年秋城南学区灵性大讲堂活动 - myrb.net,https://news.google.com/rss/articles/CBMiXEFVX3lxTE1odk9mNXVEUExScW5PdlNtalQtVkd5SGhkSE13dlY5eWFJVERMNno4RWhMOVFfRk9MZ1Ribi00RkpYVjJXRWt2LTE5WDFGY25JdVBsalhJek9HbGFf?oc=5&hl=en-US&gl=US&ceid=US:en,myrb.net,"Thu, 05 Feb 2026 08:27:00 GMT",教育改革,2026-02-06
风声：中考退出历史舞台？ - 红歌会网,https://news.google.com/rss/articles/CBMicEFVX3lxTE9XeFh3eE1raGwyU01JNUpTUm1DLVAxNGtwV1FVaDJsTkh4WU9WeVFzeFd3cmI2ZXJySHV6endyZjZHZWNEWUpwUWhHWnRXLVJGeExkQkVHTTJpdU5BOERwZUFORGhSbUJvYnlVR0dSTGg?oc=5&hl=en-US&gl=US&ceid=US:en,红歌会网,"Thu, 05 Feb 2026 00:12:45 GMT",教育改革,2026-02-06
委员称取消中高考是早晚的事，现在的考试很大程度是伪考试，你怎么看？ - 风闻,https://news.google.com/rss/articles/CBMidEFVX3lxTFBWeDY2eUFBSGVGSHJhWW9sRF9Eb0NOWXp3VkxnREhfVVFScEJTcGh6Wm5iZlNCTkYzTmN6cWJzLXMxam14c1czcWhySU85YWNELWFrbzl5TEdnRkVUQTBEYmVKalFTeUtnN3BwSE5pQnBNMTFD?oc=5&hl=en-US&gl=US&ceid=US:en,风闻,"Thu, 05 Feb 2026 01:20:20 GMT",教育改革,2026-02-06
上海政协委员:取消中高考是早晚的事 教育改革迫在眉睫 - 中华网,https://news.google.com/rss/articles/CBMicEFVX3lxTE00ekVsc0xueXJrVldPNHJ3STZZVWRmR0VTQTYwY1Jud0s2dGxvQkJ1WnFIMThwQ2VSVjdjLWlHcThmdFIxVDFzbzNLV01NdkUtMVp2ZTJUOHpYZGZkcE4yUkNXU2hBOXFrajNkc0FoSmw?oc=5&hl=en-US&gl=US&ceid=US:en,中华网,"Thu, 05 Feb 2026 04:04:35 GMT",教育改革,2026-02-06
国家级认可!中国东方教育六门课程获评“优质课堂” - MSN,https://news.google.com/rss/articles/CBMi8gNBVV95cUxPdXhXZ2RlcF9fWmNTMDZzX0FuTjBBclMxMjQ0RTBRenFMdlpSZGE5cVBZcUFWQWV6TkpjOUE0VDctV3BHdXhhWnZZVFlEakhvR1Foa2c0d19mYmxXOTcwcVlWN2EwbGFaQU50TFl1Z2NxV3NiQ1RzRTZQUHZxcWVHRng2VFJnV0lFLV9UVDE4ZVRxbDhNaFNCdV9HTnpKZkVzMGRfaUljeVdOWUc4cDVTX0JvRHVwNkFkTk80ZVlreW5ESnhvcUhqWjFBTmgyNFoyWDhNN0VGcldXUk9qMnJ0NldKN1Q1eXVVNVlRZ1VRc0dpMUhqQkw3dkkzYkQ2Y2JiX3N5ekxmVG1hRTJreVU5WTFCZ3h4RWd0c0hDdmpXbEY3SHVVVDVFNnpJcC13MUZZMmFtdVdNUDJPbTltNGNqTm5uN2xmSnJLb3JOMEJzcnpJZi1iWWZjUFVwNThIUnphR0szN3FwbkxDZGZwMzRyRHFmN2ltOVgwYVp3cm40TmRkTmx4aExXV0tBd0lzejNQR0NZNURvSl9nVHBqZkktV3MtbXVfVm5IbkpTZHdWWDBYNFRMMHo5czRJRFBhdHhIRlcwVTM2Rm9hMnhDNFNRdFdHSUpjSkVUWjBwZ092clI0QW5acVUzbTlpSi1FWWxaeGc?oc=5&hl=en-US&gl=US&ceid=US:en,MSN,"Thu, 05 Feb 2026 17:05:10 GMT",教育改革,2026-02-06
评论丨“取消中高考是早晚的事”引热议，人们在担忧什么？ - Sohu,https://news.google.com/rss/articles/CBMijgFBVV95cUxOMjJaTk1WSE13WUtjd1lucU5WQ3p6Q1BKUko2OFhiR2NjNDBzbHNwaVNPUU5Tb0hjbXRvZlVCeFZlQjAyaEFLZlp5ak1ERFpKR1Vxdnp5eG5BRkJwYnpra1llSEdvbXRDR2lZSGpuMmVGN1pScUlsSHdkWkVhX2tCRlZhU21heWo3aE82ZTdB?oc=5&hl=en-US&gl=US&ceid=US:en,Sohu,"Thu, 05 Feb 2026 08:35:54 GMT",教育改革,2026-02-06
取消中高考是早晚的事？这一建议戳中多少教育痛点 - 新浪网,https://news.google.com/rss/articles/CBMifkFVX3lxTFA2aGloVi0zbXhuc0Vza3FqRWNxcEtqU0NFRzlMeElJUzJNRzM4XzR1OWtGb1M3bnhIT0h4YnBrdnZ0b19qQ1pLQXJuU3ZBRjZOc20tVWQxRVc1QXl6X2dYY2lSdUF3d3BHWXBKNU1QcUIyYW5LVk5LQXRmOXlRUQ?oc=5&hl=en-US&gl=US&ceid=US:en,新浪网,"Thu, 05 Feb 2026 02:21:00 GMT",教育改革,2026-02-06
柬加深化教育领域合作 探讨建立留加校友会机制 - 柬华日报,https://news.google.com/rss/articles/CBMiV0FVX3lxTE9BTVk2S0tVU0p1ZURaX0JrLW4xNDhnbXhFamVwbThxSnVkelB2R0o3OUR3QWFQS19GMkVCX2pUNGlBMmlFT0I3S3ctckNjaGJOeUpDc3laYw?oc=5&hl=en-US&gl=US&ceid=US:en,柬华日报,"Thu, 05 Feb 2026 03:20:08 GMT",教育改革,2026-02-06
何忠友在兵团教育局调研座谈 - Sohu,https://news.google.com/rss/articles/CBMiiwFBVV95cUxPTVNtdkFTR3BoLWNUenoyUkRCanNlNzk4LWVWZ1pRZGo5WE5rdk1saFlmZjVrOHRoNEZKdVFpUzhCbldEODZTekdnNVpYM1kxclBfSWlBVF8wUnZLYUhuSE83LTl0MVd1VlN2Y0ZXYTFTWDFmN2M0eTNTRGpXM01ScXJwUjFVbzBzUmxz?oc=5&hl=en-US&gl=US&ceid=US:en,Sohu,"Thu, 05 Feb 2026 08:14:34 GMT",教育改革,2026-02-06
媒体评取消中高考是早晚的事引热议：一场触及教育本质的热议风暴 - 中华网,https://news.google.com/rss/articles/CBMiVEFVX3lxTE5YLV9xbGlZQWFmSzNXUEVKLU53cktaUGw3ZHI0REtBQXZWUGYzUlN3WUwtaU5wRlpiZ3FaRUhPbUtLX0EwNHVwb1B4ZGtqTmF0eTloNQ?oc=5&hl=en-US&gl=US&ceid=US:en,中华网,"Thu, 05 Feb 2026 09:32:00 GMT",教育改革,2026-02-06
“取消中高考是早晚的事” 网友吵翻 - Sohu,https://news.google.com/rss/articles/CBMiiwFBVV95cUxOTTdZVW85cG1wVEZXU0h5UUFfdTdxX3BWbEktX3pSOVNLeE5nSVNRYUtrY01kTzZidnl4XzBSU25oSU1zRVNwUzhjWFZ5bWVfVlhZVkx4eEFRN2tUSGxJa3VFQUtVeWdoV19VOGdSMWI5TjhCN2djZXRCa1loNE0xdjBxd0dpcHZJdTBJ?oc=5&hl=en-US&gl=US&ceid=US:en,Sohu,"Thu, 05 Feb 2026 07:41:11 GMT",教育改革,2026-02-06
岁岁常欢愉 年年皆暖意 郑州市第十一中学开展春节慰问退休老同志活动 - 郑州教育信息网,https://news.google.com/rss/articles/CBMiXkFVX3lxTE5Dc1Fsc0tvVlc3WXFaeEJoUi1RdExxWUNtaXY0R1QwZld4U0RlLTVZZXZnSVlKQzhGNkFCekNaM0w2VTRqVU9qWTN0LWRRSFJmcDRnT1BfRy1ScV9DWmc?oc=5&hl=en-US&gl=US&ceid=US:en,郑州教育信息网,"Thu, 05 Feb 2026 08:15:41 GMT",教育改革,2026-02-06
科启新智，研铸菁华 2025年荆州市教育科研成果全景展示 - 荆楚网,https://news.google.com/rss/articles/CBMibkFVX3lxTE1TTnl1ZmlQa3FBbVQ1cnJMVlJTTERwcEpkNzNUVktiSlRZaVpPSUROaklTVzZQbEM5bmVJTUVjZlBieTlWQ212aVpPMDJqU19nTzlEXy1oT2RBNzVudUluMzdxVkN5aEdENjFQVEFB?oc=5&hl=en-US&gl=US&ceid=US:en,荆楚网,"Thu, 05 Feb 2026 10:02:00 GMT",教育改革,2026-02-06
喜报！ 九江职业大学获评第十二批全国民族团结进步示范单位 - 大江网,https://news.google.com/rss/articles/CBMiakFVX3lxTE1ZSnI5Tk9TaUVlOEEtMmVad3NCWVhoel9LQXlTZEJzMF85Z2QtdnVQc1NxYnVHbUxqSklfbXc2blRZcW1hMmsxMWlsUG5NWTlYSjhWT0dZZzFTakMyS3UwSTFwdUhYdloxZGc?oc=5&hl=en-US&gl=US&ceid=US:en,大江网,"Thu, 05 Feb 2026 07:52:00 GMT",教育改革,2026-02-06
陕西省咸阳市推动各级各类教育协调优质发展：让每个孩子向阳生长- 教育 - 中工网,https://news.google.com/rss/articles/CBMiX0FVX3lxTFBFNlhrY0YyZ2xRR2ZlcS1IZEpCTU1zdE00WXdSQVJrQm5YYURTNnpYZ1VEUUVGbHRFYUsxZkd0UE9VYnZhXzBERzlIY21GQUJiNUt6TmJRUFRmX3FiTmxz?oc=5&hl=en-US&gl=US&ceid=US:en,中工网,"Thu, 05 Feb 2026 08:26:00 GMT",教育改革,2026-02-06
年均培养万名高技能人才，上海职业教育校企协同支撑产业升级 - 新浪网,https://news.google.com/rss/articles/CBMieEFVX3lxTE5YZGZKblFkQTFZUXdRS1QyNmdDeTh0T2VsQUwwX3dtLTQyT1VubWhfWkg3YWlwOHFaZ2JYcmxUVWtsQzJ3a2lZNzAtb1ItTEhSLVBDd3JtWDc0d0p1eXRKV1cwVGJQVU5KbE42NjhrVWZXRjlrX3dVZQ?oc=5&hl=en-US&gl=US&ceid=US:en,新浪网,"Thu, 05 Feb 2026 06:52:00 GMT",教育改革,2026-02-06
宇树科技 X 3所高校，揭牌成立新学院！ - 新浪网,https://news.google.com/rss/articles/CBMi2AFBVV95cUxQbnVmX015SzJBLVdTYjFKZVVPZi1PME0tNnNKNlQxYWlOSVJhWFFRbHRPNWRLWDByQm9KOWx6ZHRxaWY1X2FiNzFqaDFpX0I0Y0Q0SGY1REZabDhocm44TThPX3ozOUxDSk9ITFBnZFpKaXBoal9na0tDZ25KVDkxVzZnYk1rYUg4YTRmRzhyRGJhRXB0WXRkbE5CWTFJcXZOYjRTWVNXVzJaclpya2tveTVwVGVzZmt2RW1mcFRSSTNWcy1SOFFDOWNHaDZycFVuWk9mYkxhMHo?oc=5&hl=en-US&gl=US&ceid=US:en,新浪网,"Thu, 05 Feb 2026 17:14:32 GMT",教育改革,2026-02-06
大学物理教授开了门“西游课” - 新浪网,https://news.google.com/rss/articles/CBMi_gFBVV95cUxQVUlGNkVkcjUxTV9HcXU1RFZvaDJJazAyZ2dITklDQ1UwQ3BLV3lSSDBYRFFhamVpd05GcUlxdjlPb0R5UXZseVdZMkNsaWozYUlnNS1INm1BRlIydkNyMDRzbzRFR2NEdXRIMmttZW15YVdBaXRENXNmVGlWQks5cmJzdXFtVGZDR2pnYW9OaE1FYjZpakU5djB3X2hnWG5lV3VTMS05dGlnT2dnYVNsU2wtU1NibE1Pd1k1OEJobC1tMUVsRWRtejZMUTd1al94dXdmZ0ZiXzFQeWhqNV9ZSzU2c2JlZ3FpQ0xYRUM1OEdhMVFOUFJiU1RtV0VuZw?oc=5&hl=en-US&gl=US&ceid=US:en,新浪网,"Wed, 04 Feb 2026 23:49:39 GMT",教育改革,2026-02-06
胡昌升在省教育厅省生态环境厅省林草局省体育局调研 - tianshui.com.cn,https://news.google.com/rss/articles/CBMibkFVX3lxTFBjQlVGWWZzbDllM2M0TkI3aDd4NXRVSDZoWTVEbTVFZTgzc3BycHJsU0VZN01xTVNEaHUxZjB3ZGRpNXZsYnp0WjFhUWZsQms2T293OGVwRjhDbVVsNlk2VGZjN0RuWHpKY0FQZnVB?oc=5&hl=en-US&gl=US&ceid=US:en,tianshui.com.cn,"Thu, 05 Feb 2026 00:15:25 GMT",教育改革,2026-02-06
上外附中师生走进洋葱学园“葱头宇宙剧场”，体验跨学科综合实践教育 - 中华网,https://news.google.com/rss/articles/CBMibkFVX3lxTE9YQVhYUEdrRmJrbGRadE1SVmQyOUFhYVpKY2J6TjZxeTRfazdtRTNQTUo3aXZBTHlCWFpXQ184cDh6NDIwNXhObkJPdFlpQzVZTDgtYnNOakpNOHQzWGlWSXJ4NTd5QktvWVYtMGp3?oc=5&hl=en-US&gl=US&ceid=US:en,中华网,"Thu, 05 Feb 2026 02:14:29 GMT",教育改革,2026-02-06
2027年起六岁入读小一 法丽娜:不会出现报名遭拒 - e南洋,https://news.google.com/rss/articles/CBMiYkFVX3lxTE9feVV6UFpJaGlWMGVkNUQyOEFBT1JISnlFMVZVTTFXZFNhbWJDR05tR3pJTTlxWEZ4LUY4bS1NX3FsOGR5Y2hzWVV5Y0tHQ2lnNVdMQVZkbTRMWW1tb1E5Nkdn?oc=5&hl=en-US&gl=US&ceid=US:en,e南洋,"Thu, 05 Feb 2026 15:52:49 GMT",教育改革,2026-02-06
三年一届“2026 丹中行”义跑募捐活动开跑 - e南洋,https://news.google.com/rss/articles/CBMiYEFVX3lxTE03S2lrNGtqUkFyV3F0VG1wa2FqOE1kcVVKMmdpQVBCc3FEaTlqNXQ0bzN5SXkwdWphU2NaZWFUblc2T01FTnY4LWx2TThSeF82eG1LblA2b1VESkFleUR1aQ?oc=5&hl=en-US&gl=US&ceid=US:en,e南洋,"Thu, 05 Feb 2026 04:56:49 GMT",教育改革,2026-02-06
