title,url,source,pubdate,date
北大称将优化入校服务,http://education.news.cn/2023-12/22/c_1130041210.htm,新华网教育,,2026-02-06
2024届高校毕业生规模预计达1179万人,http://education.news.cn/2023-12/06/c_1130010772.htm,新华网教育,,2026-02-06
新华全媒+丨拥抱新学期 遇见“新”成长——全国多地中小学开学首日见闻,http://education.news.cn/2023-09/01/c_1129841389.htm,新华网教育,,2026-02-06
教育系统多措并举持续为未就业毕业生提供就业指导服务,http://education.news.cn/2023-07/07/c_1129738606.htm,新华网教育,,2026-02-06
权威部门话开局丨办好人民满意的教育——教育部有关负责人谈加快建设教育强国,http://education.news.cn/2023-07/06/c_1129736414.htm,新华网教育,,2026-02-06
权威部门话开局丨我国加快构建优质均衡的基本公共教育服务体系,http://education.news.cn/2023-07/06/c_1129736408.htm,新华网教育,,2026-02-06
教育部：坚定不移推进国家教育数字化战略行动,http://education.news.cn/2023-06/20/c_1129709157.htm,新华网教育,,2026-02-06
第九届中国国际“互联网+”大学生创新创业大赛“青年红色筑梦之旅”活动启动,http://education.news.cn/2023-06/10/c_1129683260.htm,新华网教育,,2026-02-06
2023年全国高校学生国家安全素养展示活动在长安大学举行,http://education.news.cn/2023-04/14/c_1129521173.htm,新华网教育,,2026-02-06
我国将深入开展青少年学生读书行动,http://education.news.cn/2023-03/28/c_1129473236.htm,新华网教育,,2026-02-06
新华全媒+｜你好！新学期——全国多地中小学开学首日见闻,http://education.news.cn/2023-02/14/c_1129362369.htm,新华网教育,,2026-02-06
世界数字教育大会发布智慧教育蓝皮书与发展指数报告,http://education.news.cn/2023-02/13/c_1129362290.htm,新华网教育,,2026-02-06
新华全媒+｜满怀信心 为梦想而战——2023年全国硕士研究生招生考试首日见闻,http://education.news.cn/2022-12/24/c_1129230704.htm,新华网教育,,2026-02-06
80名白俄罗斯学生获“中国大使奖学金”,http://education.news.cn/2022-11/23/c_1129154177.htm,新华网教育,,2026-02-06
教育部教育考试院回应“高考数学疑似泄题”：已接到相关举报并报案,http://education.news.cn/2022-06/07/c_1128721724.htm,新华网教育,,2026-02-06
民企高校“携手”共促高校毕业生就业,http://education.news.cn/2022-05/27/c_1128691253.htm,新华网教育,,2026-02-06
教育部对义务教育阶段学科类校外培训治理“回头看”,http://education.news.cn/2022-04/02/c_1128528626.htm,新华网教育,,2026-02-06
广东东莞将在大朗镇内增设全国硕士研究生招生考试初试考点,http://education.news.cn/2021-12/20/c_1128183252.htm,新华网教育,,2026-02-06
山东桓台一中“早早读”被责令取消,http://education.news.cn/2021-11/26/c_1128101292.htm,新华网教育,,2026-02-06
不分文理科，江西实施高考综合改革,http://education.news.cn/2021-09/15/c_1127866596.htm,新华网教育,,2026-02-06
贵州启动高考综合改革,http://education.news.cn/2021-09/15/c_1127866581.htm,新华网教育,,2026-02-06
吉林省公布“新高考”方案 采用“3+1+2”模式,http://education.news.cn/2021-09/15/c_1127866573.htm,新华网教育,,2026-02-06
浙江公布“双减”方案 严控资本过度涌入培训机构,http://education.news.cn/2021-08/31/c_1127814653.htm,新华网教育,,2026-02-06
为中西部教育提质补短板、为乡村振兴培养更多“四有”好老师——一线教育专家、教师解读“优师计划”,http://education.news.cn/2021-08/04/c_1127730884.htm,新华网教育,,2026-02-06
强化学校教育主阵地作用 深化校外培训机构治理——解读《关于进一步减轻义务教育阶段学生作业负担和校外培训负担的意见》,http://education.news.cn/2021-07/24/c_1127691448.htm,新华网教育,,2026-02-06
运城市新康国际实验学校褚密珠：每个孩子都是独立的个体 需要因材施教,http://education.news.cn/2021-07/14/c_1211240695.htm,新华网教育,,2026-02-06
浙江大学“通专跨融合”培养 实行“1+7+N”招生模式,http://education.news.cn/2021-06/18/c_1211206064.htm,新华网教育,,2026-02-06
陈光标获聘陕西省咸阳旬邑县马栏齐心学校名誉校长,http://education.news.cn/2021-06/16/c_1211203376.htm,新华网教育,,2026-02-06
教育部发布预警：谨防“高价志愿填报指导”诈骗陷阱,http://education.news.cn/2021-06/16/c_1211203149.htm,新华网教育,,2026-02-06
教育部课程思政建设工作推进会召开,http://education.news.cn/2021-06/11/c_1127552131.htm,新华网教育,,2026-02-06
“学生们含泪追车送别”视频感动网友 支教老师讲述背后的故事,http://education.news.cn/2021-06/08/c_1211191429.htm,新华网教育,,2026-02-06
清华大学成立集成电路学院,http://education.news.cn/2021-04/22/c_1127363332.htm,新华网教育,,2026-02-06
党史故事百校讲述丨歌乐山下，听重庆大学讲述红岩精神铸忠魂的故事！,http://education.news.cn/2021-04/15/c_1211112224.htm,新华网教育,,2026-02-06
2012年以来我国有514.05万贫困学生接受高等教育,http://education.news.cn/2021-03/31/c_1127280174.htm,新华网教育,,2026-02-06
改写西海固学子命运的“特殊高中”:培养5万多名大学生,http://education.news.cn/2021-02/26/c_1211041464.htm,新华网教育,,2026-02-06
北京：学生每天校内外各参加1小时以上体育锻炼,http://education.news.cn/2021-01/18/c_1126996984.htm,新华网教育,,2026-02-06
绽放奋斗光芒，激荡青春力量——记2020年“最美高校辅导员”“最美大学生”（上）,http://education.news.cn/2021-01/09/c_1126964279.htm,新华网教育,,2026-02-06
孩子需要什么样的诗歌教育,http://education.news.cn/2021-01/03/c_1126939756.htm,新华网教育,,2026-02-06
北京：中风险地区达7个 高校调整寒假离京管控措施,http://education.news.cn/2021-01/02/c_1126939553.htm,新华网教育,,2026-02-06
支持海南自贸港率先开放！允许境外理工农医类高水平大学独立办学,http://education.news.cn/2020-12/31/c_1126934790.htm,新华网教育,,2026-02-06
贵州农村学前教育儿童营养改善计划每年惠及80万儿童,http://education.news.cn/2020-12/31/c_1126930986.htm,新华网教育,,2026-02-06
权威快报｜八省市2021新高考来了,http://education.news.cn/2020-12/30/c_1126924899.htm,新华网教育,,2026-02-06
重拾“戒尺”是为了更好地育人,http://education.news.cn/2020-12/30/c_1126924127.htm,新华网教育,,2026-02-06
一图速览：八省份高考综合改革试点实施方案出炉,http://education.news.cn/2020-12/29/c_1126923610.htm,新华网教育,,2026-02-06
八省市公布2021年高考改革实施方案,http://education.news.cn/2020-12/29/c_1126923583.htm,新华网教育,,2026-02-06
北京中小学寒假期间不安排线上教学,http://education.news.cn/2020-12/29/c_1126923411.htm,新华网教育,,2026-02-06
八省市2021年新高考统一为3天，语数外使用全国卷,http://education.news.cn/2020-12/29/c_1126923354.htm,新华网教育,,2026-02-06
广东公布2021年新高考方案,http://education.news.cn/2020-12/29/c_1126923315.htm,新华网教育,,2026-02-06
湖南新高考将实行“3+1+2”模式,http://education.news.cn/2020-12/29/c_1126923309.htm,新华网教育,,2026-02-06
辽宁：2021年普通高考实行“3+1+2”模式,http://education.news.cn/2020-12/29/c_1126922986.htm,新华网教育,,2026-02-06
重庆公布2021年高考综合改革试点实施方案,http://education.news.cn/2020-12/29/c_1126923093.htm,新华网教育,,2026-02-06
福建发布高考综合改革试点实施方案,http://education.news.cn/2020-12/29/c_1126923039.htm,新华网教育,,2026-02-06
中国高质量国际论文数位居世界第二,http://education.news.cn/2020-12/29/c_1126922268.htm,新华网教育,,2026-02-06
让教育惩戒有尺度、有温度——教育部政策法规司负责人就《中小学教育惩戒规则（试行）》答记者问,http://education.news.cn/2020-12/29/c_1126921657.htm,新华网教育,,2026-02-06
2021年面向港澳台研究生招生初复试由招生单位自行组织,http://education.news.cn/2020-12/29/c_1126921471.htm,新华网教育,,2026-02-06
2020，中国教育穿越疫情实现裂变,http://education.news.cn/2020-12/28/c_1126918244.htm,新华网教育,,2026-02-06
"家长主动攒班,教师偷偷授课 上个课还得签保密协议",http://education.news.cn/2020-12/28/c_1126917323.htm,新华网教育,,2026-02-06
江苏2021高考11日至14日报名,http://education.news.cn/2020-11/11/c_1210881586.htm,新华网教育,,2026-02-06
2021高考报名陆续开启 多地强调严把资格审查关,http://education.news.cn/2020-11/11/c_1210881470.htm,新华网教育,,2026-02-06
[考动力]北京高考报名开始缴费可选三种支付方式,http://education.news.cn/2020-11/09/c_1210878981.htm,新华网教育,,2026-02-06
广东2021年高考报名常见问答发布,http://education.news.cn/2020-11/06/c_1210874963.htm,新华网教育,,2026-02-06
北京2021年高考网报正在进行中 这些细节需注意,http://education.news.cn/2020-11/02/c_1210868489.htm,新华网教育,,2026-02-06
2021年北京高考报名正式启动,http://education.news.cn/2020-11/02/c_1210868108.htm,新华网教育,,2026-02-06
京籍高考生11月1日起报名 首次英语听说机考于12月12日进行,http://education.news.cn/2020-10/22/c_1210852425.htm,新华网教育,,2026-02-06
2021“研考”首日 北京多考点有序开考,http://education.news.cn/2020-12/27/c_1126911710.htm,新华网教育,,2026-02-06
严格防疫 安全有序——全国硕士研究生招生考试首日见闻,http://education.news.cn/2020-12/26/c_1126911042.htm,新华网教育,,2026-02-06
江苏：校外培训机构教育教学须全过程录像,http://education.news.cn/2020-12/26/c_1126909944.htm,新华网教育,,2026-02-06
教育部要求确保春季学期高校错峰开学,http://education.news.cn/2020-12/25/c_1126909056.htm,新华网教育,,2026-02-06
宁夏全面推动集团化办学缩小教育质量差距,http://education.news.cn/2020-12/25/c_1126908096.htm,新华网教育,,2026-02-06
2020，追光考研人,http://education.news.cn/2020-12/25/c_1126904645.htm,新华网教育,,2026-02-06
3岁以下婴幼儿超4700万，你的宝宝谁来带？,http://education.news.cn/2020-12/24/c_1126904157.htm,新华网教育,,2026-02-06
考研：非低风险地区考生须全程戴口罩,http://education.news.cn/2020-12/24/c_1126904000.htm,新华网教育,,2026-02-06
有的补一假期课“够买一台轿车了” 教师有偿补课该咋治理？,http://education.news.cn/2020-12/24/c_1126902884.htm,新华网教育,,2026-02-06
山东整治中小学大班额实现动态清零,http://education.news.cn/2020-12/22/c_1126893508.htm,新华网教育,,2026-02-06
天津大学打破导师终身制 育人能力成年度必修课,http://education.news.cn/2020-12/22/c_1126889531.htm,新华网教育,,2026-02-06
套上白大褂演戏，包装身份做生意？小心这些伪科学育儿自媒体,http://education.news.cn/2020-12/21/c_1126887485.htm,新华网教育,,2026-02-06
中国下一代教育基金会成立十周年 教育扶贫项目成效显著,http://education.news.cn/2020-12/18/c_1126879856.htm,新华网教育,,2026-02-06
树立正确人才观，推进人才称号回归学术性、荣誉性,http://education.news.cn/2020-12/18/c_1126877368.htm,新华网教育,,2026-02-06
教育部印发《关于正确认识和规范使用高校人才称号的若干意见》的通知,http://education.news.cn/2020-12/18/c_1126877324.htm,新华网教育,,2026-02-06
人工智能时代将至 教育该如何应变？,http://education.news.cn/2020-12/18/c_1126875481.htm,新华网教育,,2026-02-06
“唯论文”难倒“英雄汉”，如何“破而后立”？,http://education.news.cn/2020-12/17/c_1126874515.htm,新华网教育,,2026-02-06
新华热评：要破的不是论文，是那个“唯”字,http://education.news.cn/2020-12/17/c_1126874019.htm,新华网教育,,2026-02-06
武汉高校设立落户服务站 打造大学生落户新模式,http://education.news.cn/2020-12/17/c_1126872411.htm,新华网教育,,2026-02-06
“十不得”能否根治“唯论文”痼疾,http://education.news.cn/2020-12/17/c_1126870085.htm,新华网教育,,2026-02-06
就业率超97%！全国技工院校5年输出约500万名“工匠”,http://education.news.cn/2020-12/15/c_1126864270.htm,新华网教育,,2026-02-06
教育部“十不得”剑指“唯论文”问题,http://education.news.cn/2020-12/15/c_1126863826.htm,新华网教育,,2026-02-06
山西发布中小学教师减负清单,http://education.news.cn/2020-12/15/c_1126863471.htm,新华网教育,,2026-02-06
教育部大中小学思政课一体化建设指导委员会成立,http://education.news.cn/2020-12/15/c_1126863374.htm,新华网教育,,2026-02-06
全国义务教育阶段体育美育教师不断“配齐”,http://education.news.cn/2020-12/14/c_1126859943.htm,新华网教育,,2026-02-06
教育部：明年起绝大多数省份体育中考分值都会增加,http://education.news.cn/2020-12/14/c_1126859046.htm,新华网教育,,2026-02-06
教育部称多地将增加体育中考分值,http://education.news.cn/2020-12/14/c_1126858837.htm,新华网教育,,2026-02-06
专家提出：要教会学生调和多样情绪应对“学习的烦恼”,http://education.news.cn/2020-12/12/c_1126853526.htm,新华网教育,,2026-02-06
甘肃10年招聘4万多名特岗计划教师助力乡村教育,http://education.news.cn/2020-12/12/c_1126852556.htm,新华网教育,,2026-02-06
中国慕课数量及应用规模已居世界第一,http://education.news.cn/2020-12/12/c_1126851919.htm,新华网教育,,2026-02-06
远程“专递课堂”、大数据“因材施教” 安徽致力于让学校“更聪明”,http://education.news.cn/2020-12/10/c_1126846280.htm,新华网教育,,2026-02-06
黑龙江多地中小学寒假提前至元旦前后,http://education.news.cn/2020-12/10/c_1126845805.htm,新华网教育,,2026-02-06
一日三餐免费用，日均“吃倒”多少树？——部分高校一次性用筷浪费惊人,http://education.news.cn/2020-12/10/c_1126844631.htm,新华网教育,,2026-02-06
山西将严查校外培训机构,http://education.news.cn/2020-12/10/c_1126843911.htm,新华网教育,,2026-02-06
安徽：以AI推动教育变革 今年内完成58%乡村中小学智慧学校建设,http://education.news.cn/2020-12/09/c_1126841897.htm,新华网教育,,2026-02-06
《半月谈》刊文：10年劳动必修课，这群孩子收获了什么,http://education.news.cn/2020-12/09/c_1126841826.htm,新华网教育,,2026-02-06
东南大学：脚踢学生的支教志愿者被取消推免资格,http://education.news.cn/2020-12/09/c_1126840896.htm,新华网教育,,2026-02-06
今明两年高职扩招200万 生源呈现多元化特点,http://education.news.cn/2020-12/08/c_1126836633.htm,新华网教育,,2026-02-06
17所大学寒假时间表出炉 在京高校“错峰”分批放寒假,http://education.news.cn/2020-12/05/c_1126823823.htm,新华网教育,,2026-02-06
教育部提醒校外培训机构：莫让家长承担企业发展风险,http://education.news.cn/2020-12/04/c_1126822812.htm,新华网教育,,2026-02-06
教育部强调“内外联动”规范校外培训机构,http://education.news.cn/2020-12/04/c_1126822075.htm,新华网教育,,2026-02-06
新闻观察：禁令能否管住“拉班补课”？,http://education.news.cn/2020-12/04/c_1126819950.htm,新华网教育,,2026-02-06
我国探索建立未成年人网课平台长效治理机制,http://education.news.cn/2020-12/03/c_1126818873.htm,新华网教育,,2026-02-06
新华时评：把时间还给老师，把老师还给孩子,http://education.news.cn/2020-12/03/c_1126818199.htm,新华网教育,,2026-02-06
我国已累计培养25万多名博士后 125人成为两院院士,http://education.news.cn/2020-12/03/c_1126817093.htm,新华网教育,,2026-02-06
2021届全国普通高校毕业生就业创业促进行动在汉启动,http://education.news.cn/2020-12/02/c_1126814349.htm,新华网教育,,2026-02-06
“我和我的学校”网络微视频接力活动启动,http://education.news.cn/2020-12/02/c_1126813553.htm,新华网教育,,2026-02-06
“有的乡村中学，连一名专职体育老师也没有！”——基层学校音体美教师缺口现象观察,http://education.news.cn/2020-12/02/c_1126812822.htm,新华网教育,,2026-02-06
安徽蚌埠：智慧学校打破教学“千人一面”“题海战术”,http://education.news.cn/2020-12/02/c_1126811951.htm,新华网教育,,2026-02-06
我国过半数新增劳动力接受过高等教育,http://education.news.cn/2020-12/02/c_1126810182.htm,新华网教育,,2026-02-06
寒假“错峰”离校：教育部部署加强今冬明春校园疫情防控,http://education.news.cn/2020-12/01/c_1126809771.htm,新华网教育,,2026-02-06
语文教育八股化？一线呼吁“放风筝”,http://education.news.cn/2020-12/01/c_1126806463.htm,新华网教育,,2026-02-06
教师开除、校长免职 沈阳严惩“拉班补课”事件,http://education.news.cn/2020-11/30/c_1126803339.htm,新华网教育,,2026-02-06
北京：城市副中心将添1万余个优质学位,http://education.news.cn/2020-11/30/c_1126800819.htm,新华网教育,,2026-02-06
东北师大“直播带岗”促毕业生“在线下单”,http://education.news.cn/2020-11/29/c_1126799716.htm,新华网教育,,2026-02-06
173所中外高校形成“一带一路”高等教育共同体,http://education.news.cn/2020-11/27/c_1126795572.htm,新华网教育,,2026-02-06
全国专业学位水平评估启动,http://education.news.cn/2020-11/27/c_1126794900.htm,新华网教育,,2026-02-06
如今中小学校名怎么动不动就20多字,http://education.news.cn/2020-11/27/c_1126791363.htm,新华网教育,,2026-02-06
挤出空间安放“城市良心” 兰州市三年增加中小学学位7万余个,http://education.news.cn/2020-11/26/c_1126790952.htm,新华网教育,,2026-02-06
北京适龄儿童入园率达90%,http://education.news.cn/2020-11/26/c_1126790006.htm,新华网教育,,2026-02-06
毛入学率达51.6% 高等教育更普及了,http://education.news.cn/2020-11/26/c_1126786875.htm,新华网教育,,2026-02-06
中国航天人访问小学激发小朋友的太空梦,http://education.news.cn/2020-11/25/c_1126784017.htm,新华网教育,,2026-02-06
新华时评：课间、午休不许出教室，怕什么？,http://education.news.cn/2020-11/23/c_1126776489.htm,新华网教育,,2026-02-06
山西逾68万名学生受益农村义务教育营养改善计划,http://education.news.cn/2020-11/22/c_1126771607.htm,新华网教育,,2026-02-06
泽被乡里，回响至今——纪念近代“教育救国”思潮旗手李端棻,http://education.news.cn/2020-11/22/c_1126771572.htm,新华网教育,,2026-02-06
教育部：通过人工智能等与教育融合 破解教师编制不足等瓶颈,http://education.news.cn/2020-11/22/c_1126771531.htm,新华网教育,,2026-02-06
宁夏精准施策助力乡村教师成长,http://education.news.cn/2020-11/22/c_1126771491.htm,新华网教育,,2026-02-06
守一不移 科学报国——万名学子同上科学大师学风课,http://education.news.cn/2020-11/21/c_1126769338.htm,新华网教育,,2026-02-06
新华微评：让主播“娃娃兵”不再野蛮生长,http://education.news.cn/2020-11/20/c_1126767298.htm,新华网教育,,2026-02-06
早发现、早干预，共同守护儿童心理健康,http://education.news.cn/2020-11/20/c_1126766899.htm,新华网教育,,2026-02-06
为了“星星的孩子”，她已经“慢”了24年,http://education.news.cn/2020-11/20/c_1126765539.htm,新华网教育,,2026-02-06
第六届中国国际“互联网+”大学生创新创业大赛总决赛：北京理工大学项目夺冠,http://education.news.cn/2020-11/19/c_1126762084.htm,新华网教育,,2026-02-06
年轻，就要用爱筑梦——青春在三尺讲台闪光,http://education.news.cn/2020-11/19/c_1126760702.htm,新华网教育,,2026-02-06
内蒙古东部降雪持续 部分学校停课,http://education.news.cn/2020-11/19/c_1126760516.htm,新华网教育,,2026-02-06
中国银行与共青团中央将在高校金融教育等领域开展合作,http://education.news.cn/2020-11/18/c_1126756148.htm,新华网教育,,2026-02-06
在港澳台地区学习证明取消！,http://education.news.cn/2020-11/18/c_1126754501.htm,新华网教育,,2026-02-06
讲课好也能评教授！这所大学改革力度大,http://education.news.cn/2020-11/17/c_1126749354.htm,新华网教育,,2026-02-06
河北保定：高校毕业生落户即可享受1000元奖励,http://education.news.cn/2020-11/17/c_1126748947.htm,新华网教育,,2026-02-06
平均寿命仅半年，每年浪费上百亿……教材循环使用卡在教材“生意化”,http://education.news.cn/2020-11/17/c_1126747800.htm,新华网教育,,2026-02-06
中新学生互选对方国家留学渐趋热门,http://education.news.cn/2020-11/16/c_1126743389.htm,新华网教育,,2026-02-06
山东：严格落实校外培训机构“黑名单”制度,http://education.news.cn/2020-11/15/c_1126742615.htm,新华网教育,,2026-02-06
太原市将对民办中小学校实行记分管理,http://education.news.cn/2020-11/14/c_1126740246.htm,新华网教育,,2026-02-06
要“敢闯”也要“会创”！创新创业教育为大学生双创“导航”,http://education.news.cn/2020-11/12/c_1126733270.htm,新华网教育,,2026-02-06
武汉：不得让家长代改作业，保证高中生8小时睡眠,http://education.news.cn/2020-11/12/c_1126733067.htm,新华网教育,,2026-02-06
志愿者故事：大山深处曾经废弃的校园又闻读书声,http://education.news.cn/2020-11/12/c_1210882800.htm,新华网教育,,2026-02-06
11岁学射箭苦练坚持 16岁女孩独揽6块省级射箭金牌,http://education.news.cn/2020-11/12/c_1210882807.htm,新华网教育,,2026-02-06
首届全国技能大赛将举行 两千高手过招“中华绝技”,http://education.news.cn/2020-11/10/c_1126723254.htm,新华网教育,,2026-02-06
《半月谈》刊文：讲课好能评教授，坐冷板凳也安心,http://education.news.cn/2020-11/09/c_1126717970.htm,新华网教育,,2026-02-06
大学生的“内卷”：竞争还是内耗,http://education.news.cn/2020-11/09/c_1126713666.htm,新华网教育,,2026-02-06
2021年北京高考报名昨起缴费,http://education.news.cn/2020-11/09/c_1126713768.htm,新华网教育,,2026-02-06
辽宁：高考报名首次与普通高中学业水平考试成绩相关联,http://education.news.cn/2020-11/08/c_1126712318.htm,新华网教育,,2026-02-06
近视被扣分？“三公”怎保证？体育咋补课？——深度解读云南“中考体育100分”,http://education.news.cn/2020-11/05/c_1126698944.htm,新华网教育,,2026-02-06
“让我们的孩子高高兴兴做一个普通人，从事一份普通工作”,http://education.news.cn/2020-11/04/c_1126695540.htm,新华网教育,,2026-02-06
这些山里娃如何告别辍学进大学？,http://education.news.cn/2020-11/03/c_1126693652.htm,新华网教育,,2026-02-06
教育部留学服务中心即将举办“2020秋季留学英才招聘会暨高端人才洽谈会”,http://education.news.cn/2020-11/03/c_1126692291.htm,新华网教育,,2026-02-06
陶艺进校园：巧手捏制多彩童年,http://education.news.cn/2020-11/01/c_1126684504.htm,新华网教育,,2026-02-06
华侨大学建校60周年纪念大会召开,http://education.news.cn/2020-11/01/c_1126684041.htm,新华网教育,,2026-02-06
北京大学联合山西大学开启云冈学研究,http://education.news.cn/2020-11/01/c_1126683945.htm,新华网教育,,2026-02-06
创新校地合作模式，华侨大学聚力福建全方位推动高质量发展超越,http://education.news.cn/2020-10/31/c_1126681935.htm,新华网教育,,2026-02-06
美育进中考学生家长挺紧张 家长别信培训机构的忽悠,http://education.news.cn/2020-10/29/c_1126673445.htm,新华网教育,,2026-02-06
普通高校录取残疾学生数量逐年增加,http://education.news.cn/2020-10/27/c_1126665018.htm,新华网教育,,2026-02-06
美育入中考：提升学生艺术素养不能一考了之,http://education.news.cn/2020-10/27/c_1126663759.htm,新华网教育,,2026-02-06
天津校园食堂推行“舌尖上的节约”新风尚,http://education.news.cn/2020-10/26/c_1126659346.htm,新华网教育,,2026-02-06
《半月谈》刊文：足球+书香+结对，这种教育扶贫够全套,http://education.news.cn/2020-10/24/c_1126652790.htm,新华网教育,,2026-02-06
首届东钱湖教育论坛：探讨全球疫情背景下的未来教育,http://education.news.cn/2020-10/24/c_1126652697.htm,新华网教育,,2026-02-06
“扫码寻岗觅人才” 北京启动高校毕业生就业服务季,http://education.news.cn/2020-10/23/c_1126649298.htm,新华网教育,,2026-02-06
两部门将集中整治校外培训机构侵害消费者权益违法行为,http://education.news.cn/2020-10/22/c_1126645206.htm,新华网教育,,2026-02-06
陕西基本解决义务教育因贫辍学问题,http://education.news.cn/2020-10/22/c_1126644873.htm,新华网教育,,2026-02-06
国考攻略：从报名到考试的八个核心要素,http://education.news.cn/2020-10/20/c_1210849373.htm,新华网教育,,2026-02-06
一座城市能为科技“后浪”提供什么,http://education.news.cn/2020-10/20/c_1126631604.htm,新华网教育,,2026-02-06
让“课堂”与“殿堂”紧密携手——教育部、国家文物局有关部门负责人解读关于利用博物馆资源开展中小学教育教学的意见,http://education.news.cn/2020-10/19/c_1126630083.htm,新华网教育,,2026-02-06
三大运营商难进燕京理工学院——学生为何只能用高价校园网,http://education.news.cn/2020-10/19/c_1126627078.htm,新华网教育,,2026-02-06
体育美育将在中高考中“硬起来”,http://education.news.cn/2020-10/16/c_1126620552.htm,新华网教育,,2026-02-06
清除线上教育乱象还须强化平台责任,http://education.news.cn/2020-10/16/c_1126617110.htm,新华网教育,,2026-02-06
近视的“锅”不能只由青少年来背,http://education.news.cn/2020-10/14/c_1126602581.htm,新华网教育,,2026-02-06
各地不得以中高考成绩为标准奖励师生,http://education.news.cn/2020-10/14/c_1126602376.htm,新华网教育,,2026-02-06
数说“十三五”丨清零：建档立卡贫困家庭学生“一个都不少”！,http://education.news.cn/2020-10/13/c_1126601103.htm,新华网教育,,2026-02-06
深圳谱写基础教育高质量发展新篇章,http://education.news.cn/2020-10/13/c_1126601550.htm,新华网教育,,2026-02-06
特写：“用普通话教学，这条路走对了！”——走进香港第一家政府津贴普通话小学,http://education.news.cn/2020-10/12/c_1126597127.htm,新华网教育,,2026-02-06
12所大学校长共议中国高校未来 大学发展要打破专业壁垒,http://education.news.cn/2020-10/12/c_1126593568.htm,新华网教育,,2026-02-06
“断骨增高”缘何成为青少年成长路上的“陷阱”,http://education.news.cn/2020-10/12/c_1126593544.htm,新华网教育,,2026-02-06
高校提前打响2021年“就业战”,http://education.news.cn/2020-10/12/c_1126593499.htm,新华网教育,,2026-02-06
近视要扣分：长治中考新规是倒逼护眼还是给学生增负,http://education.news.cn/2020-10/12/c_1126593371.htm,新华网教育,,2026-02-06
18岁以前不近视的已经是凤毛麟角？ 救救孩子的眼要知更要行,http://education.news.cn/2020-10/12/c_1126593336.htm,新华网教育,,2026-02-06
这19项“摊派”给老师的任务，被叫停了！,http://education.news.cn/2020-10/11/c_1126592978.htm,新华网教育,,2026-02-06
不同学科教师共教一门课，这所中学的课程为何受追捧？,http://education.news.cn/2020-10/11/c_1126592906.htm,新华网教育,,2026-02-06
国家体育总局：体能测试不影响高水平运动员奥运会参赛选拔,http://education.news.cn/2020-10/10/c_1126589840.htm,新华网教育,,2026-02-06
阿根廷第三所孔子学院揭牌,http://education.news.cn/2020-10/10/c_1126589412.htm,新华网教育,,2026-02-06
半月谈丨这所学校的目标是：让学生能够自食其力，有尊严地活着,http://education.news.cn/2020-10/09/c_1126584963.htm,新华网教育,,2026-02-06
老爸努力！开5年滴滴挣出一套房 儿子争气！今年考上西安交通大学,http://education.news.cn/2020-10/08/c_1126580945.htm,新华网教育,,2026-02-06
这些重要信息，请未就业高校毕业生收！,http://education.news.cn/2020-10/07/c_1126579803.htm,新华网教育,,2026-02-06
博士生导师有了明确选聘标准,http://education.news.cn/2020-10/07/c_1126579030.htm,新华网教育,,2026-02-06
了不起！她兜里最少只有3.6元却帮助筹建29所希望小学,http://education.news.cn/2020-10/05/c_1126574925.htm,新华网教育,,2026-02-06
专业学位研究生教育将增设学位类别扩大招生规模,http://education.news.cn/2020-09/30/c_1126564763.htm,新华网教育,,2026-02-06
“网上重走长征路”暨推动“四史”学习教育全国启动仪式在江西于都举行,http://education.news.cn/2020-09/29/c_1126560113.htm,新华网教育,,2026-02-06
九部门部署职业教育提质培优行动,http://education.news.cn/2020-09/29/c_1126559365.htm,新华网教育,,2026-02-06
天津大学：不适合继续攻读学位的研究生将及早分流退出,http://education.news.cn/2020-09/29/c_1126559350.htm,新华网教育,,2026-02-06
“三代人”的特教接力,http://education.news.cn/2020-09/29/c_1126557509.htm,新华网教育,,2026-02-06
特殊就业季，这874万人的就业解决了吗？——2020届高校毕业生就业形势观察,http://education.news.cn/2020-09/28/c_1126553832.htm,新华网教育,,2026-02-06
缺医生、“唯论文论”……这些痼疾能否被破解？——透视《关于加快医学教育创新发展的指导意见》,http://education.news.cn/2020-09/28/c_1126553812.htm,新华网教育,,2026-02-06
教育部：今年政策性岗位已吸纳280多万毕业生就业,http://education.news.cn/2020-09/28/c_1126551689.htm,新华网教育,,2026-02-06
保护亚洲文化遗产 中国高校在行动,http://education.news.cn/2020-09/26/c_1126544783.htm,新华网教育,,2026-02-06
切忌封校“一刀切”！高校管理有力度更要有温度,http://education.news.cn/2020-09/26/c_1126542494.htm,新华网教育,,2026-02-06
别让不良PUA成为高校“隐秘的角落”,http://education.news.cn/2020-09/25/c_1126540686.htm,新华网教育,,2026-02-06
不得以中高考成绩片面评价学校和教师,http://education.news.cn/2020-09/25/c_1126537676.htm,新华网教育,,2026-02-06
大飞机当教具！山东高校斥资1800万元购买波音客机,http://education.news.cn/2020-09/24/c_1126537304.htm,新华网教育,,2026-02-06
放权！中小学在教学人事经费使用方面将有更大自主权,http://education.news.cn/2020-09/24/c_1126535828.htm,新华网教育,,2026-02-06
新华微评：破解“卡脖子”，高校挑重担,http://education.news.cn/2020-09/23/c_1126532607.htm,新华网教育,,2026-02-06
我国义务教育有保障目标基本实现,http://education.news.cn/2020-09/23/c_1126531723.htm,新华网教育,,2026-02-06
湖北启动近视防控宣传教育活动,http://education.news.cn/2020-09/23/c_1126530564.htm,新华网教育,,2026-02-06
藏在大一新生行李箱里的时代变迁,http://education.news.cn/2020-09/23/c_1126528419.htm,新华网教育,,2026-02-06
等待上岸的公考生,http://education.news.cn/2020-09/23/c_1126528235.htm,新华网教育,,2026-02-06
研究生教育改革剑指学位“注水”,http://education.news.cn/2020-09/22/c_1126526823.htm,新华网教育,,2026-02-06
前景未卜，还会有人赴美留学吗,http://education.news.cn/2020-09/21/c_1126520272.htm,新华网教育,,2026-02-06
海峡两岸举办教师教育论坛共谋深度合作,http://education.news.cn/2020-09/20/c_1126517493.htm,新华网教育,,2026-02-06
北大“开学第一课”：重温抗疫历程 铭记时代使命,http://education.news.cn/2020-09/20/c_1126517388.htm,新华网教育,,2026-02-06
在大山间回响的普通话——广西山区推广普通话见闻,http://education.news.cn/2020-09/18/c_1126512905.htm,新华网教育,,2026-02-06
乌英苗寨的“牧童班”,http://education.news.cn/2020-09/18/c_1126512904.htm,新华网教育,,2026-02-06
教育部：高校校门管理切忌“一刀切”“简单化”,http://education.news.cn/2020-09/18/c_1126512123.htm,新华网教育,,2026-02-06
中国宋庆龄基金会邀请抗疫一线代表与青少年分享抗疫故事,http://education.news.cn/2020-09/17/c_1126507857.htm,新华网教育,,2026-02-06
安徽合肥：高中毕业需修满144学分 志愿服务三年不少于40小时,http://education.news.cn/2020-09/17/c_1126506883.htm,新华网教育,,2026-02-06
慢就业，毕业生“拖得起”？,http://education.news.cn/2020-09/17/c_1126505585.htm,新华网教育,,2026-02-06
体育课，要不要进高考？,http://education.news.cn/2020-09/17/c_1126505564.htm,新华网教育,,2026-02-06
六成受访家长称找幼儿园遇到了问题 最大困扰是学费高,http://education.news.cn/2020-09/17/c_1126503060.htm,新华网教育,,2026-02-06
近九成受访家长不放心孩子用眼习惯,http://education.news.cn/2020-09/17/c_1126503051.htm,新华网教育,,2026-02-06
杯具外的悲剧——清乾隆金瓯永固杯传奇,http://education.news.cn/2020-09/16/c_1126502904.htm,新华网教育,,2026-02-06
教育部：厉行节约反对浪费表现将作为师生评奖评优参考,http://education.news.cn/2020-09/16/c_1126502776.htm,新华网教育,,2026-02-06
教育部出台专门举措应对疫情期间出国留学难,http://education.news.cn/2020-09/16/c_1126501927.htm,新华网教育,,2026-02-06
湖南资深优秀乡村教师可直接评聘高级职称,http://education.news.cn/2020-09/16/c_1126501643.htm,新华网教育,,2026-02-06
天津发放2021届毕业生求职创业补贴 每人3000元,http://education.news.cn/2020-09/16/c_1126501521.htm,新华网教育,,2026-02-06
宁夏银川：普惠性幼儿园在园幼儿占比已超80%,http://education.news.cn/2020-09/16/c_1126500998.htm,新华网教育,,2026-02-06
教育部就通过中外合作办学渠道解决新冠肺炎疫情期间部分出国留学人员赴境外就学困难有关工作答记者问,http://education.news.cn/2020-09/16/c_1126499880.htm,新华网教育,,2026-02-06
“你浪费的，不只是一个馒头”,http://education.news.cn/2020-09/16/c_1126498007.htm,新华网教育,,2026-02-06
河北：开设“高校毕业生就业服务平台”提供常态化服务,http://education.news.cn/2020-09/15/c_1126496751.htm,新华网教育,,2026-02-06
四川启动义务教育教师“双安工程” 将建6万套教师周转宿舍,http://education.news.cn/2020-09/15/c_1126496385.htm,新华网教育,,2026-02-06
秦岭深处，这个“升学典礼”开在“小慢车”上,http://education.news.cn/2020-09/14/c_1126492428.htm,新华网教育,,2026-02-06
给青年一把成才的“金钥匙”——西藏发展职业教育事业小记,http://education.news.cn/2020-09/14/c_1126492364.htm,新华网教育,,2026-02-06
全国推普周开幕：我国普通话普及率超过80%,http://education.news.cn/2020-09/14/c_1126491538.htm,新华网教育,,2026-02-06
湖南：防止乡村学校布局不合理致使学生上学困难,http://education.news.cn/2020-09/12/c_1126485734.htm,新华网教育,,2026-02-06
“全国教书育人楷模”高夯：“希望自己还能被需要”,http://education.news.cn/2020-09/12/c_1126485596.htm,新华网教育,,2026-02-06
云南威信一学校被曝给学生吃变质食物 当地已介入调查,http://education.news.cn/2020-09/11/c_1126483882.htm,新华网教育,,2026-02-06
上海大学食堂“小鸟胃专属餐”火了 小份菜受到学生欢迎,http://education.news.cn/2020-09/11/c_1210794970.htm,新华网教育,,2026-02-06
“轮椅教师”张琼宇：生命，不求长度，但求厚度,http://education.news.cn/2020-09/10/c_1126477410.htm,新华网教育,,2026-02-06
镜观中国·教师节特刊丨为你点灯 伴你前行,http://education.news.cn/2020-09/10/c_1126475578.htm,新华网教育,,2026-02-06
这位“网红”老师，开出“流量”近五亿人次的立德树人课,http://education.news.cn/2020-09/10/c_1126476428.htm,新华网教育,,2026-02-06
在大山里尝试双师课堂的英语老师：我的心都在这里,http://education.news.cn/2020-09/10/c_1210793590.htm,新华网教育,,2026-02-06
“人民教育家”于漪寄语青年教师：理想就在岗位上，信仰就在行动中,http://education.news.cn/2020-09/10/c_1126475905.htm,新华网教育,,2026-02-06
大山小调：一个山村小学的音乐实验,http://education.news.cn/2020-09/10/c_1126474873.htm,新华网教育,,2026-02-06
中国教师,http://education.news.cn/2020-09/10/c_1126474754.htm,新华网教育,,2026-02-06
多地加大政策供给破解乡村教师队伍建设的痛点难点，“激活”乡村教师工作状态,http://education.news.cn/2020-09/10/c_1126474470.htm,新华网教育,,2026-02-06
致敬！抗疫中的班主任,http://education.news.cn/2020-09/10/c_1126474452.htm,新华网教育,,2026-02-06
隐于山林的“书院”村校,http://education.news.cn/2020-09/09/c_1126473336.htm,新华网教育,,2026-02-06
从“期满就走”到“扎根村小”的特岗教师,http://education.news.cn/2020-09/09/c_1126473325.htm,新华网教育,,2026-02-06
中国美术馆为优秀教师代表塑像,http://education.news.cn/2020-09/09/c_1126472777.htm,新华网教育,,2026-02-06
女教师留守海岛六年：为孩子架起通往外界的“桥”,http://education.news.cn/2020-09/09/c_1126471410.htm,新华网教育,,2026-02-06
未来科学大奖获得者王振义：“奖金全部捐，让年轻人多说说”,http://education.news.cn/2020-09/07/c_1126464024.htm,新华网教育,,2026-02-06
服贸会为何选择北京？,http://education.news.cn/2020-09/05/c_1126455094.htm,新华网教育,,2026-02-06
在讲台站了36年 他们的金句发自肺腑,http://education.news.cn/2020-09/05/c_1126455083.htm,新华网教育,,2026-02-06
@全国考研生 这些2021考研新变化你都知道吗？,http://education.news.cn/2020-09/05/c_1126455042.htm,新华网教育,,2026-02-06
北京市每年增加2250名师范生培养指标,http://education.news.cn/2020-09/05/c_1126454990.htm,新华网教育,,2026-02-06
2021年全国硕士研究生招生考试初试时间确定,http://education.news.cn/2020-09/04/c_1126454317.htm,新华网教育,,2026-02-06
清华大学跻身泰晤士高等教育世界大学排行榜20强,http://education.news.cn/2020-09/03/c_1126445616.htm,新华网教育,,2026-02-06
辛识平：在风雨中成长，在磨砺中坚强——写在2020年秋季开学季,http://education.news.cn/2020-09/02/c_1126445443.htm,新华网教育,,2026-02-06
面向社会各界的国民教育课——2020年《开学第一课》取得积极反响,http://education.news.cn/2020-09/02/c_1126445376.htm,新华网教育,,2026-02-06
新华时评：新学期来了，主角不只是孩子,http://education.news.cn/2020-09/02/c_1126445356.htm,新华网教育,,2026-02-06
“两弹一星”理想信念教育学院在青海揭牌成立,http://education.news.cn/2020-09/02/c_1126445125.htm,新华网教育,,2026-02-06
开学季警惕假班主任入群诈骗,http://education.news.cn/2020-09/02/c_1126444767.htm,新华网教育,,2026-02-06
北大2020年首次实施“强基计划”招生录取842人,http://education.news.cn/2020-09/02/c_1126444082.htm,新华网教育,,2026-02-06
云南丘北：“开学第一课”从搞好卫生开始,http://education.news.cn/2020-09/01/c_1126440839.htm,新华网教育,,2026-02-06
特写：上海开学第一日 学生争当“光盘侠”,http://education.news.cn/2020-09/01/c_1126440268.htm,新华网教育,,2026-02-06
不一样的开学季，各地中小学准备好了吗？,http://education.news.cn/2020-08/31/c_1126436324.htm,新华网教育,,2026-02-06
高校命名将有规范：原则上不得冠以“中华”“国家”“华北”等字样,http://education.news.cn/2020-08/31/c_1126435750.htm,新华网教育,,2026-02-06
人社部与西藏签署共同推进西藏技师学院建设备忘录,http://education.news.cn/2020-08/31/c_1126435389.htm,新华网教育,,2026-02-06
武汉高校复学“第一景”：花式晒被子，“抢时间”学习,http://education.news.cn/2020-08/31/c_1126435347.htm,新华网教育,,2026-02-06
“云家访”来了，你准备好了吗？,http://education.news.cn/2020-08/30/c_1126431430.htm,新华网教育,,2026-02-06
成都出台措施打通民办教育机构审批“堵点”,http://education.news.cn/2020-08/30/c_1126431061.htm,新华网教育,,2026-02-06
第十一届中国大学生服务外包创新创业大赛落幕,http://education.news.cn/2020-08/28/c_1126425679.htm,新华网教育,,2026-02-06
创新高！清华大学自强计划录取197名农村学子,http://education.news.cn/2020-08/28/c_1126425252.htm,新华网教育,,2026-02-06
教育部：全国成人高考10月24日开考 严防冒名顶替,http://education.news.cn/2020-08/28/c_1126424815.htm,新华网教育,,2026-02-06
广东低风险地区中小学校9月1日开学,http://education.news.cn/2020-08/28/c_1126424694.htm,新华网教育,,2026-02-06
上海加强大中小学劳动教育 劳动实践情况纳入综合素质评价,http://education.news.cn/2020-08/27/c_1126420961.htm,新华网教育,,2026-02-06
江西“一村一名大学生工程”招收千名学员,http://education.news.cn/2020-08/27/c_1126420618.htm,新华网教育,,2026-02-06
体育课变形：初中搞“应试”，高中走“形式”,http://education.news.cn/2020-08/27/c_1126419928.htm,新华网教育,,2026-02-06
新华视点｜云南禄劝山里娃：被网课改变的命运,http://education.news.cn/2020-08/27/c_1126419761.htm,新华网教育,,2026-02-06
疫情下留学生们进退两难：交巨额学费，半夜上网课,http://education.news.cn/2020-08/27/c_1126417717.htm,新华网教育,,2026-02-06
点名“饭圈”“黑界”“祖安文化” 六部门专项治理未成年人网络环境,http://education.news.cn/2020-08/26/c_1126416605.htm,新华网教育,,2026-02-06
牧民妈妈与儿子同高考共圆梦，她为什么要今年参加高考？,http://education.news.cn/2020-08/26/c_1126415290.htm,新华网教育,,2026-02-06
母子同圆“大学梦”,http://education.news.cn/2020-08/26/c_1126415242.htm,新华网教育,,2026-02-06
3岁“吃播”女孩被爸妈喂到70斤？未成年人直播乱象何时休,http://education.news.cn/2020-08/26/c_1126415198.htm,新华网教育,,2026-02-06
“网红”教师为何能红,http://education.news.cn/2020-08/26/c_1126412732.htm,新华网教育,,2026-02-06
这位大学副校长为贫困新生“快递”录取通知书,http://education.news.cn/2020-08/25/c_1126410842.htm,新华网教育,,2026-02-06
“后高考时期”如何帮考生疏解情绪,http://education.news.cn/2020-08/25/c_1126408117.htm,新华网教育,,2026-02-06
高招录取警惕“被套路”,http://education.news.cn/2020-08/25/c_1126408092.htm,新华网教育,,2026-02-06
澳门中小学、幼儿教育和特殊教育学校将于9月初陆续开学,http://education.news.cn/2020-08/24/c_1126407313.htm,新华网教育,,2026-02-06
北京秋季学期将开齐课程 校园内坚持佩戴口罩,http://education.news.cn/2020-08/24/c_1126406502.htm,新华网教育,,2026-02-06
京外大学生返校需做核酸检测,http://education.news.cn/2020-08/23/c_1126402725.htm,新华网教育,,2026-02-06
