title,source,published_date,url,keyword,date
引领生物医药产业高质量创新发展新格局 - 经济导刊,经济导刊,"Thu, 05 Feb 2026 06:23:01 GMT",https://news.google.com/rss/articles/CBMiwwFBVV95cUxQWFd1X09YYklaME5nN21pcXY4cFQ0ZDB3TEFPVmlnSUR0RlhKT1pWM1NzR0VTQkVmd1pFajJibVkwazdoYWQ1Z3NueUgtZHB1TDhDNzRCOW1IOF80cWotUWJTV3NvS1RvWU90WFFNVEZtV0k0WnhXbFZlV09YVE9iOWdWLVlBYWNLMDkwWWxrTmlTUmM3YXIwN0J4ZUZTVzJSUlRwRmxZdkJEOW9yelB5YlFub09kRm96dTFmVGdTRk83cDg?oc=5&hl=en-US&gl=US&ceid=US:en,医药产业,2026-02-06
甘肃力争2026年中医药全产业链规模达到1200亿元 - gsjb.com,gsjb.com,"Fri, 06 Feb 2026 02:07:00 GMT",https://news.google.com/rss/articles/CBMiZEFVX3lxTE5QbWVCNHhCMks4MEdTd1dLb0xaUkkyclg4QVlnZHRVM21CcFJOUVpEVVhSQ0MyY0VWRnctaDlLcV96REJkY2lSZ0NTNGtBWEJBeExGeDYwMkpscjEzYnlPUFAwVzE?oc=5&hl=en-US&gl=US&ceid=US:en,医药产业,2026-02-06
澳门药监局与浙江省医药行业协会合办交流会共促两地产业协同发展– 澳门特别行政区政府入口网站 - 澳門特別行政區政府入口網站,澳門特別行政區政府入口網站,"Thu, 05 Feb 2026 11:55:00 GMT",https://news.google.com/rss/articles/CBMiUEFVX3lxTE1KelpKZURudEdkR2RPTkxuVjVoYUF1WDFFa2lmZTRTZ0FhTUpCNTN2WldKSThqX25hZDdjVnVlRzYwaFVydUROakZ6bmg5cTJU?oc=5&hl=en-US&gl=US&ceid=US:en,医药产业,2026-02-06
国家药监局：“十五五”大力支持生物制造产业创新发展 - 新浪网,新浪网,"Fri, 06 Feb 2026 00:16:32 GMT",https://news.google.com/rss/articles/CBMihgJBVV95cUxNb1R6eGZEYUhLSFJkbUdlX2xoemJkeEUtS2ItaFBva2hTQUR6MzM5NWRzM3cyak0yaDlfX2I3U2lHTm5sTEJJZ2tXUHFmeU1GNEVOaE5OdmVTWDFxY3cxblBEd3Q4YUh4bUE2OGZfd19KUGswdVdubFJDc1VWVENKUXliZFhaejV1aWVfeGo5QnhGR0VYLXdKYkR3ZzZ3dG5VeUxkSnMyVGo5eko5aXplbUJJdm5JYTY3c0NiU0V3VFBfNTBIc01TRWRWRXU4M24tWTk3blY1TjFheTlMc1hPcmNGQ1pMUXlrT01QNnJSQ2QweVVlN2V2dHp2ZDlzUDh5cWVNTUFB?oc=5&hl=en-US&gl=US&ceid=US:en,医药产业,2026-02-06
云南首个！文山三七再添“国字号”殊荣 - 昆明信息港,昆明信息港,"Fri, 06 Feb 2026 01:42:31 GMT",https://news.google.com/rss/articles/CBMiZkFVX3lxTE9JeUN2VnI4TmhmZ0ZkOVdpTTZ1TktNQUdVa0N2dl9WeFlONGtoWGkzR1h5M19ra0plbW9sMEhCN21CYzBBV3JYZTJuYXlQNzFPa01kaE9neVZGNmdha3hkX1JtWTVWdw?oc=5&hl=en-US&gl=US&ceid=US:en,医药产业,2026-02-06
珍宝岛药业：乘政策东风筑产业高地，全产业链布局迎来高质量发展新周期 - ByDrug,ByDrug,"Fri, 06 Feb 2026 02:14:00 GMT",https://news.google.com/rss/articles/CBMifkFVX3lxTE1NSEdYRHZleWlsakpILUQtV3VudVF4X1l6bi1OTE9XX1JSMEV2SjFMVHZyYVZlV2lLLVBoYURyZmt5c2N3VkU0ZlAtb01KOUI2N2dGVGN3YndOQzczOEk2dEdYMmYxNGxTQXV4OTFaWHRfT09kbUtsS1ZoLXAyQQ?oc=5&hl=en-US&gl=US&ceid=US:en,医药产业,2026-02-06
嘉事堂易主！同仁堂集齐第四家上市公司 - Sohu,Sohu,"Fri, 06 Feb 2026 03:36:17 GMT",https://news.google.com/rss/articles/CBMihwFBVV95cUxOa1ZNenJfXy1Bdnl1Y1dyZGpxaTB0eHVJOHBrSlhKQ3JiRUJtQ1B3MnFhcGtCRnhUQnJpVjY1anlmdFFnUG5naUNIXzFEZHp6NHFaeDVJNjVSd3BpOFNKM2NRWlNDVTdOTlhqNWhMd1lHYWlFUUJlZXpTdG5pV3RpOFVKcWxTY2M?oc=5&hl=en-US&gl=US&ceid=US:en,医药产业,2026-02-06
欧马可Z亮相珠三角，高端运力守护医药“无忧运” - 中华网,中华网,"Fri, 06 Feb 2026 02:40:30 GMT",https://news.google.com/rss/articles/CBMibEFVX3lxTE9FTkNiQndadmxNM3lpT2gxdjloelhuX29ZWUlWWHVYaEU5cTd1emU3WUZDWnJBdllGZnI3NVZFd3hFTENSd05DVlNVMXB0ckRNZUNDTkdNN253U0xYNzY0QmxLYzRMLTVNVG1oWg?oc=5&hl=en-US&gl=US&ceid=US:en,医药产业,2026-02-06
金石亚药：公司将会持续关注海南自贸港对医药产业发展的政策支持 - 东方财富,东方财富,"Thu, 05 Feb 2026 11:57:43 GMT",https://news.google.com/rss/articles/CBMiZkFVX3lxTE1zRk5OVmUtQzJ5RXlIcFJBcHQwdkxLb29fMllkUDZzTmFYaDI0OFZSUWVEZEtKNHJ0VzBpQk1rdWlHOTc4YV9mY1VCallTREs4MWM4Mjh1TkFSTUxQMjdhRi1MbWFCdw?oc=5&hl=en-US&gl=US&ceid=US:en,医药产业,2026-02-06
2026江苏两会 | 陈芸委员：强化创新医药出海知识产权主权，保障生物安全与产业核心竞争力 - 新浪财经,新浪财经,"Thu, 05 Feb 2026 14:46:00 GMT",https://news.google.com/rss/articles/CBMieEFVX3lxTFBiVy1yYzRld1RocXBTaUtuSkMyU211bTQyNUVEZWYwbERncGViQUFUTzNaQS1TQ1R3UW4yR3FTeEpVZzNfOEY3Y1FyNzBoOXdqdnFqaGVyLXltTHYwR0h3V25qQ0hXRHlYNWtoTkE2TUdNQmhrZndZQg?oc=5&hl=en-US&gl=US&ceid=US:en,医药产业,2026-02-06
国产创新药，正在破局 - 36 Kr,36 Kr,"Thu, 05 Feb 2026 11:23:44 GMT",https://news.google.com/rss/articles/CBMiUEFVX3lxTE5OeC13UHNVM0hWekk3ZkhIRW90R3RreG1USy14c3l6bzBTUDJBXy1NMjBXeTNrZl9odjFIMmpLTGxWV0J0dWZqMVBCVlpSNkJv?oc=5&hl=en-US&gl=US&ceid=US:en,医药产业,2026-02-06
吉林敖东：公司高度关注医药行业集采常态化及创新药发展趋势 - MSN,MSN,"Thu, 05 Feb 2026 19:47:48 GMT",https://news.google.com/rss/articles/CBMiugRBVV95cUxOMVFFTzlmamJ1cjFJTDhyV3I4SG4tY1ZyMVpfaWtzLURlbDlSQlFFb3pGVC1vaXkzcVdnZ1NTYVNaZlByby03dHoyZWxCcVdrTGhEekp2dEhDbDdJZkVZS3dFaV9Scm85anFlcXNFSWdMTUJndmVlc3gzaTJRdk9CTnpDOGZzV1pLUEFPSXhnN01GaVhpaDdBT0RwdUxKbElfWkJEQW1mdHBQWGQwbE1lUzJQWmNVTlBUNEVGRi1rNHNrUDNTaFpGS0o1OUg2ckliOUdwaEZRVzlib0xNWHNsSFJBWTZrWF9kanNNWnhUbE9kVEVHbnE3UWpGc0toR3YyTzMyN29XWTgxdEIyNmFFRF8ySjBfNHc1aEUxd05IWVIxei1ranZYN1FFcGRZLU9KbGw2LVRTQnVTbVlib1JmTTNFSWt3TW9aYVczcG9HV3dhUFlLQUFoLU1UT1g1V1Q3dzR4UkYzY1RYd25qU3p4Rk9MWGlWUy1qa0FWSXBpV3ZuRzVJaFNRb0lHblg4VERZSUM4SkVMUG1yTU5OWG80TzUteTJYRmlqV2F0X2tMSE4ta1A3c1h4SDM3R2dOUDlkUXdVcm91STdjbzY2VFRrcnRza3dHVnRSTEl5RG5sYm4zczdMd3ZBMDZvRDBiNDdtTzVtaG91c0FfeHRINmdwS3I0UnBGNFhSRGtlV0FSbDl0WVotWHpvX1JVeWtkcUpScGxUZXJObklNVkJQRWNLZGpDZXBwendzbmc?oc=5&hl=en-US&gl=US&ceid=US:en,医药产业,2026-02-06
重磅利好！市级八部门联合赋能，助推昌平医药产业跃升 - Sohu,Sohu,"Fri, 06 Feb 2026 02:30:36 GMT",https://news.google.com/rss/articles/CBMihwFBVV95cUxQSzF3Y2lIU1lWQU5vU2pIZTRIdGlvM05zQ1hGdm1wRXliWFFhb3cyVmRlQkZTZGh1LXp5NXZ3Z0JWSEx3alFENUltSGQ0bFNaaVBjZ0tWai05WlVQemVEbG9lc0NMemt3eHI3dmd6d1l0bWZUVkVFaFVaTXNqQ01qaDhSWVV4NWs?oc=5&hl=en-US&gl=US&ceid=US:en,医药产业,2026-02-06
八成创新药上市两年内入医保，仿制药进入微利时代 - 新浪财经,新浪财经,"Thu, 05 Feb 2026 13:23:35 GMT",https://news.google.com/rss/articles/CBMieEFVX3lxTE1ZVHdSY0JCMUZhNVFXWVJwVThzZDBIcmg3WWJubUsxMTZRcjQzaVBtQkFSOFFudnlsWUItTUU4SVMtOVh6V1ZfUFB4MXh5bVB1U2pnb1dRZkVuVHlCZnlRU3pzX1IzSEpla1h1enJjaWxTOEplRkQ0eQ?oc=5&hl=en-US&gl=US&ceid=US:en,医药产业,2026-02-06
国家药监局“十五五”期间将大力支持生物制造产业创新发展 - ByDrug,ByDrug,"Thu, 05 Feb 2026 07:16:00 GMT",https://news.google.com/rss/articles/CBMifkFVX3lxTFBscDdDSUpuSXhIbkRtZGpqdEhWQmZWSlJUdmtIQ29OOWhjTFV3SDlvTm1CX0RKbGVTWWpOaXJVS2JLVjVKLWliNjRIVWh6UnZSOWhMVVJTUHNJeTl4Q0tRZ1BnQWFWV2poT3ZlMEN5SkJNTHZvLVI4d2d3N0hTZw?oc=5&hl=en-US&gl=US&ceid=US:en,医药产业,2026-02-06
从“原料输出”到“终端产品”：福建明溪生物医药“链”上新能级 - 新浪财经,新浪财经,"Thu, 05 Feb 2026 06:36:00 GMT",https://news.google.com/rss/articles/CBMieEFVX3lxTE9DUEw1XzFwWVh3QXc1c1ZtZlc4MjRiNXdEQ0dtbGNlcnNVOXdkRVpCV3l1QUtleGdNaEhoLW41dDNON3podGRlODBzbjF0UjVtVUZYcU1mNVlJdFhLUmlXSlJ3R0NNUkVnRlhuQXNlNGhDczhONDZ6WA?oc=5&hl=en-US&gl=US&ceid=US:en,医药产业,2026-02-06
山东交行：构建“1+N”服务团队 力争打造具有交行特色的医药产业服务新模式 - Sohu,Sohu,"Fri, 06 Feb 2026 03:08:39 GMT",https://news.google.com/rss/articles/CBMiiwFBVV95cUxPVWlmMlJJbVQ0VlZkaFdHTVcwWDRaVTh0ZmVCcG9UVVVqN2JOM1FuN1Z2M1dqdHlIcjlTVC1FLWEyVW1ZYU1BNmNrYzU5VHhNTDBNSG9xWDJoWXZfN3A3bzNreGhteEY5Q0JLRXRmUV9UQVQ2ZjN5RmRBQ0xNSnVjVEJ2TmJfdzUzdlYw?oc=5&hl=en-US&gl=US&ceid=US:en,医药产业,2026-02-06
单项最高支持2000万元，东城发布14条措施发展医药健康产业 - 新浪财经,新浪财经,"Thu, 05 Feb 2026 09:31:49 GMT",https://news.google.com/rss/articles/CBMimAFBVV95cUxNcGdFanlwUEhOT2NCVnJ4TmczaHNIOFM3NTBZQWdSelE1dzlGeUZhMnJ0V3U1VE5OcVFid0hGbE54YXFaX3BYNWtaNXVjUGRnUkh1WjVZeDRwNkZfQ3Fkc3pobHlXTjViS0FlamZjWURhdXpySndUd2J6b2JsZkZfS3JMeHY0UFg2WjB3dTJWQ1JQUGtKdzBoNw?oc=5&hl=en-US&gl=US&ceid=US:en,医药产业,2026-02-06
东城14条措施推动医药健康产业高质量发展 - 新浪财经,新浪财经,"Thu, 05 Feb 2026 07:34:45 GMT",https://news.google.com/rss/articles/CBMimAFBVV95cUxOclRPdEdOeEpia0FpT2U0ZkJTcmlPTThNVzZlcVNPOTVLMEJxN1VNSmpaeWJjcUVsY3Y0QWRiRnh5M2FFMHhCb0xPZXE3RlFidlNRMnVHTzZzLVZYdUkxLVBGUXoyc05TTE5NMnAxSEFpQ2daeVZkQk5NQ0dnLWhtRkZxMU1uTU1rMlBUaXNyWFJyWXBYdVZ2dw?oc=5&hl=en-US&gl=US&ceid=US:en,医药产业,2026-02-06
疯狂的“大师兄”，可抵鹤岗一套房 - 36 Kr,36 Kr,"Thu, 05 Feb 2026 11:18:00 GMT",https://news.google.com/rss/articles/CBMiTkFVX3lxTE1lblhhSTh3MjlOOWJWNmdaVTQ3NTc2X3JzdGp5R2pqWHE1ZXhFdGdkQnRzaExtUmNxYzhDMkQ5NmF1ckJUM1E3NWZtYTBCQQ?oc=5&hl=en-US&gl=US&ceid=US:en,医药产业,2026-02-06
「英百瑞」再获资本青睐，完成近2亿元B轮融资，加码NK细胞治疗赛道 - ByDrug,ByDrug,"Thu, 05 Feb 2026 07:04:00 GMT",https://news.google.com/rss/articles/CBMifkFVX3lxTE5fX2ZoMFpzcjFLM0N6dkNXSnJVdE01eENnRmJsYmlVT2JyLWp4YTVIcnZ5XzY3U0lKcG9Rd3RhVS1GaWtFY1BQeHktMGw0SEhUNTVUWUo2NnBMNnN1dXdoOVJKX19YekVBNkIyend5dmhaTldUYnVnNHNRV3hJZw?oc=5&hl=en-US&gl=US&ceid=US:en,医药产业,2026-02-06
冲刺六月投产！新林制药二期“智慧中医·云药房”项目加速建设 - 红网,红网,"Thu, 05 Feb 2026 07:49:35 GMT",https://news.google.com/rss/articles/CBMiY0FVX3lxTE5QclNYYXAxVmhFbElSZkNEOHFBOFhTWG1QbHhtSGNqR0o2MkZhdFBZR0VyaXg2VUt0cHhPMXh0dHI4OVZISEVDbVJYQjM2VlN4Sy1MQ18yVmdZV1pzaW03aTNKdw?oc=5&hl=en-US&gl=US&ceid=US:en,医药产业,2026-02-06
跨国药企齐聚顺义，共商罕见病药品进口“绿色通道” - Sohu,Sohu,"Fri, 06 Feb 2026 04:21:20 GMT",https://news.google.com/rss/articles/CBMihwFBVV95cUxPLWdkYXFyWmd6cmZVOHZycW04RkRYQ3F3SzlVeDQ1bE5KQjZqQXRXUnM2WF9XNXFyaUtId3FJUXV3NVNmbHNWakFwYlVrR1J5OXhXNW1nbGtBSGFWaWgtd1VvY2g4VldxMHB4WGxCWkI2RVFkLTFtakhZbndrWFJKdEtwTXJLQ1E?oc=5&hl=en-US&gl=US&ceid=US:en,医药产业,2026-02-06
一图读懂 | 广东中医药2026年九大重点工作 - Sohu,Sohu,"Thu, 05 Feb 2026 14:00:48 GMT",https://news.google.com/rss/articles/CBMihwFBVV95cUxOcWNzcUdncUdrc19zd3QzNFJYT2hZY0ZaS01pUHVGbnR5NEswOUROaUNwS2MwNER0Rkg3WVBuRFh6eGtnWTNqdmt3eWJSem5KLWx1U0dpTmF1eWJTU3l0Z0RrOGlhQVRLdGtteUZPbG1taUFIU3hJcVA1c0lveGlHdzdlejNXS2M?oc=5&hl=en-US&gl=US&ceid=US:en,医药产业,2026-02-06
东莞卫健局与镇街合力，推动生物医药与未来生命健康产业发展 - Sohu,Sohu,"Thu, 05 Feb 2026 10:23:22 GMT",https://news.google.com/rss/articles/CBMihwFBVV95cUxPMTJfcUxQVDVFYUhxZ3V2V0FFcFdNUThGMVROeEE3SGxMc2RnMjE3ZnM2eVdKVWgyZHd0Qm1XT1UwOVJ0eF9mdktMWmE3cmpua01HeHBmX0lSTWhVOGk4cDVsRDhvM1djd0dvTkhLUWloYk82UDd6Y2RWdmUyWGdpYS1KMkJrMWM?oc=5&hl=en-US&gl=US&ceid=US:en,医药产业,2026-02-06
【公司要闻】建投中药材公司与华北制药华维健康签署战略合作协议 强强联合共启健康新篇章 - ByDrug,ByDrug,"Thu, 05 Feb 2026 11:20:00 GMT",https://news.google.com/rss/articles/CBMifkFVX3lxTFBxQ3FTVEhKWVBzdzlYbVI1bXVFOXpPM1JZWXBLcnhxZ3g1QlZWYzZHT1RJZnJTblZoNjhaNk1zakh6MUZVZ084aFMyOFdTUldqcVZRLXI3WS1XNmtEdm9rQl9naHBuWUpxZlR2Y2x6ZG0yM0FXMzdxdmtiYjE5QQ?oc=5&hl=en-US&gl=US&ceid=US:en,医药产业,2026-02-06
全面！2025 年无锡市地标产业布局全景图谱（附产业政策、产业空间布局、产业发展现状、产业发展规划） - Sohu,Sohu,"Thu, 05 Feb 2026 13:41:04 GMT",https://news.google.com/rss/articles/CBMihwFBVV95cUxPNDZQUTJxVzVuTkFNUkZwcnMtMFpYenJuTkVVN29FUTZIMWgyLTZ2UWtVYU5aQ1UzSmFJMHhLcVVOU2N3RHRMSGF5UTVkcG83Wl9VRjlwYVk5cnAwd1lmM0otWkRkSFFQSDA2SFlXSVFxVzdSd0hDWGNqMTdDVlREWGJDWEI3ZkE?oc=5&hl=en-US&gl=US&ceid=US:en,医药产业,2026-02-06
盈利加速、全球突围，国产创新药的“第二阶段”来了？ - 维科号,维科号,"Thu, 05 Feb 2026 08:30:00 GMT",https://news.google.com/rss/articles/CBMiVkFVX3lxTE5uR1JIQWZMbGZLYlh2NDVWSUVvUlJoclpMNjB4YU0taV9iNVlRX0NQTDlPQmt6OHZIZ0YzWWdjWmNKZFdkUTJ6d2w0RVhxZkJlMmZ3amNB?oc=5&hl=en-US&gl=US&ceid=US:en,医药产业,2026-02-06
中药农业博览会将于4月在湖南举办 - Sohu,Sohu,"Thu, 05 Feb 2026 07:18:56 GMT",https://news.google.com/rss/articles/CBMihwFBVV95cUxOS0JaTzRnTlQzTWR6elBrM3hRS05teW94OS13Q1RSQzRlWXpRbUc0MmxmRWdZQ3FfR3d4cHppbm45c0MxTzNTSFJoc2NaN1ZxLVBhS3BBd21ka0traUJyR0lzdzhieEpheVJ5b19jNE5Nb2FuWDlPdkxZNlY4bnhheXc0aGhaelk?oc=5&hl=en-US&gl=US&ceid=US:en,医药产业,2026-02-06
总投资5亿！新项目落地金湾！-腾讯新闻 - QQ News,QQ News,"Thu, 05 Feb 2026 05:31:00 GMT",https://news.google.com/rss/articles/CBMiVkFVX3lxTFB0WFllS2N5NmkyeHdjMWNyd1dtUHIxalItcFJ5OU92Q2pUU1FpTzZ5XzlET3BobzA2TnFfMDIzSVZmWTV1a0daakpLZjY1Tkl1Tk8ySXZB?oc=5&hl=en-US&gl=US&ceid=US:en,医药产业,2026-02-06
嘉事堂易主演绎国资整合新剧本，多药企密集换帅又为哪般？ - 中华网财经,中华网财经,"Thu, 05 Feb 2026 06:17:22 GMT",https://news.google.com/rss/articles/CBMicEFVX3lxTE9ER2t2bjdRNVhxSmtSV2lrZnAwV0I2Vk1GTVVaZ01QX2g5UG5GTFZmaGV0djlBT3pFY2FnSHhDVEtXZFBIMWJjR2FtTWRSREpBQ0dWSmpFaVY4NHA2WjZaa0c3Mlk0Y0U3TnhOS3kySmE?oc=5&hl=en-US&gl=US&ceid=US:en,医药产业,2026-02-06
力生制药氨茶碱片通过仿制药一致性评价 - 新浪财经,新浪财经,"Thu, 05 Feb 2026 06:40:35 GMT",https://news.google.com/rss/articles/CBMifEFVX3lxTFBHbmNaODZvU01JYndMT1VScWx5S2JWOVZjLXVfSXUyenMtbWZIbjRPXzM1bEZRUUpOTXZMejlDUjBWUU9yZ01EUTNrTmJtLUJ4VnV2dlpvM1h0OG9xR1BHX2UwNDhJNzhsQ1c0SGZlZmFUVEd0TFpYbUVCQVY?oc=5&hl=en-US&gl=US&ceid=US:en,医药产业,2026-02-06
顺义（空港）生物医药科技产业园发布8 项共性技术平台 - MSN,MSN,"Thu, 05 Feb 2026 14:05:25 GMT",https://news.google.com/rss/articles/CBMigARBVV95cUxNVDQyUEVRNEVmZG9iQklmcUlaOHRIVm1zVFZWTm9zSWc0YzhhMGRjQW9Rb3FrQWNOOUxXQkZQVVlJRWFTaVNBOEdyVGhMZHRTa0E0VXRFTnlfR2p5VTNWQVJySDI1UnRhS2UzVXNiWXlVczJ1ejE3MkdOUkRhVUlUUkVBS0ZubERCX1VUOHREcTcwdWZvcTI3RkdpaWR2dUlVTmQzTjlqZFlBSW5xUzhlMURBWUh6VFJoSTZDSE53THBFWDdtLXZxdTh6RElMNDJaWUo5ZnNRaEJFQ05NdFV4R2FwRzBmSE1SR2drTzhSZWNNRnNUYXdpWHBmMU9INmlBOFZyMkxnSkRncjdSQ1VBc0MxaUJpZ2JjcTVUX0hNT1ozVmY1bmx6RVdBLVZIOXc5R3hZMEtqLUNXZ1ZhRzM2SEZLZTNibmVZcUozRW0tOS12OXNHNnNBX2pvbWNtS1o0ZnQ1NllzRGxleDd5TVRIQzR0NjVvQUtkaXpTbERlTmp6THctWldPM0dmY3lTaWRUVlF2OFB2dlZBVlowMUlrNXp5aW5aUUxIZHBka29CQ05aRE5hUWlFS3pVeDYtWmZNeXd0SWdPdDlDaXJrd1pFSWd1anJyaW5BRmNaeno2dXVLY1ItM0gxVXc2YjJONW1hNDZFclVJd21ISHNBTzlMVw?oc=5&hl=en-US&gl=US&ceid=US:en,医药产业,2026-02-06
复星医药(02196.HK)：复迈宁新增适应症上市申请获受理并获纳入优先审评程序 - Sohu,Sohu,"Thu, 05 Feb 2026 09:34:56 GMT",https://news.google.com/rss/articles/CBMiiwFBVV95cUxPQ3ZYS0RCeW5iUVIyRVAxUnNTa1RveG54dE5Tc3BodVd4RHNOSEM5VzNIUWZXXzAtUG1fdl9xLTlvRktydEJqT0JkdTdTV1ViMlJKTC02R1VpdElJVmlGSFd1YlF6ZW9scndrcWJiekFHRUdlaTdOMzk0dGRjenNTVU8tdDFHTVVmZllJ?oc=5&hl=en-US&gl=US&ceid=US:en,医药产业,2026-02-06
在“不确定性”中锻造“确定性”：武田中国连续十年的“杰出雇主”之路 - Sohu,Sohu,"Thu, 05 Feb 2026 09:54:40 GMT",https://news.google.com/rss/articles/CBMihwFBVV95cUxPdnhlV0JyeDk5ZVlZa1FxdXFUR0llS0xhQkxkZGJPVXJOQnNGNV91M0REZmRGUTIzNGp5WXctejdkN1prNnFRN2tVTWU5UUJZZjEzMmpSNUtiVGRxejROSTlWQjJ2aFpvNkZDcFdZaE1BSzRNcklfeTVnNGUydVVsVHJ0UVpWTDQ?oc=5&hl=en-US&gl=US&ceid=US:en,医药产业,2026-02-06
10.23亿元！上海医药拟清仓中美施贵宝股权 - jwview.com,jwview.com,"Thu, 05 Feb 2026 09:01:27 GMT",https://news.google.com/rss/articles/CBMiZ0FVX3lxTE1IbTdGUm5FNFdPVnJUTUxVLUNLNUtnTmZPN1dNdlJwQmdrSnZQME5WdWFXRV9JMDFrdTNXUjcwVmhkRVhCaTNNeUxydElvVUthUGdsYmZOenJNcEd2bk9VRS1uR3N5X1U?oc=5&hl=en-US&gl=US&ceid=US:en,医药产业,2026-02-06
复星医药(02196)：复迈宁®新增适应症上市申请获受理并获纳入优先审评程序 提供者 智通财经 - 英为财情 Investing.com,英为财情 Investing.com,"Thu, 05 Feb 2026 09:35:00 GMT",https://news.google.com/rss/articles/CBMigAFBVV95cUxQaUtPTVYwTGhDVkFEV245WWN1LTJTOHJoNHhHTFkyUGxJZEdlS3BSM0xxWlZqbUplUEFLS0NmbHU4TmJHdy1VeHp4SjVQRUEzaHdST1hBci1DbUtuNWdreXMtT2RUUHhqZGNhZ2N6dW9CZ2ZkOHlDVW9USUstYzVObw?oc=5&hl=en-US&gl=US&ceid=US:en,医药产业,2026-02-06
巨亏！龙头开始“爆雷”，中药注射剂进入集体“清算”时刻？ - 中华网财经,中华网财经,"Thu, 05 Feb 2026 06:32:56 GMT",https://news.google.com/rss/articles/CBMicEFVX3lxTE9tV3JzNDNHX1JRV2p1Q0k4SkxJNUJiWE5MS053OVdsX245UVUtTVBGa040RDFmWUM2MGZ5cjZsTVd1YmRTMWc4Q2Y3RXdpSmJOUW0xTWhQSjlBRVA2MXM5SXA4VlhJTFpzZTdneTgweEY?oc=5&hl=en-US&gl=US&ceid=US:en,医药产业,2026-02-06
联邦制药午后涨近4% 自研1类创新药UBT251注射液OSA适应症获临床试验默示许可 - 新浪财经,新浪财经,"Thu, 05 Feb 2026 05:03:00 GMT",https://news.google.com/rss/articles/CBMi7AFBVV95cUxNREhiM3JDNGo1azNYVGlrcE9lVnp6WW5ZSV9NcnA2LU1tU2hqVDBzamZsdFl1OF9lSVFoLThkVTlkX0lKUk45REYzQUFQc2RlM25OblVEYmhNcnVON09EZ2dsNkhzLW5Jbjdlcm9JS181TFh0SUQwUU8tYm8zZnhxNmU4dGhIZk1mM2cwdjR2T2YtdzJyQk9SMDhTaFNxNG1xdDE4RFZxbzRQU2t3VWpOS0c5ZHJCR1ZOTkhoNWpWcllNczU0cUxLaWtPamJTSEVweTZlNVJndk9LTzlWMjhkWHRoSEZDMmhrSlFsTg?oc=5&hl=en-US&gl=US&ceid=US:en,医药产业,2026-02-06
新一年，广东中医药系统如何干？有三个重点方向 - nfnews.com,nfnews.com,"Thu, 05 Feb 2026 08:40:00 GMT",https://news.google.com/rss/articles/CBMiWkFVX3lxTE1TT0pfbmpWc1hYcmhlQlR6SDlZOTcwSnJZWjl1RVJQUGltd3dKakVNZ2hPelRjR2hyRUhqMWk3UF9MNDJRZjV6X2ZYVS1Qc2ZTSmc3a0RUdDZnQQ?oc=5&hl=en-US&gl=US&ceid=US:en,医药产业,2026-02-06
八部门：到2030年中药工业全产业链协同发展体系初步形成 - 财联社,财联社,"Thu, 05 Feb 2026 16:54:51 GMT",https://news.google.com/rss/articles/CBMiRkFVX3lxTFBGX2h4dDR2ZlVoWnBzbTBJQ09JcmxKMzc4WUVodDZYR0d2Y2Fwdkd2a0gtV2E4SGpxUUdEdFp3bFlPUHk2cHc?oc=5&hl=en-US&gl=US&ceid=US:en,医药产业,2026-02-06
2026年湖北省药品监管暨党风廉政建设工作会议召开 - Sohu,Sohu,"Thu, 05 Feb 2026 12:02:44 GMT",https://news.google.com/rss/articles/CBMihwFBVV95cUxQSnFlcktBSDJVRE43X0FPVldVa3pLWG9fQURqbEVFcjFRZ3NSUHp1NVc2SlRlOW5oa1RLcHRHYldqZDJ0NnRxbDllVTVNZnJVLTd0eG1UcVJDcUtNMUMzaXRBcUpDUWVvdkVPVEdSUXhuSG5aNWphY3dzSDdud1BzeWxhOVNPbk0?oc=5&hl=en-US&gl=US&ceid=US:en,医药产业,2026-02-06
努力开创全省中医药高质量发展新局面 - Sohu,Sohu,"Thu, 05 Feb 2026 17:14:27 GMT",https://news.google.com/rss/articles/CBMihwFBVV95cUxOZThiM3QzdTlvSzVzWm0ySlQ5ZGlZR3d4V1NsdDgtb2lIMGNXZmt2anZqQUplYUtNS3ZyZl82MGdtRG1adnZWWDFqVjRMd01Xc2hOSEt0YTNWTzhZdjRJbTR0TGdueHRvcjhWdkpIdWRvYVI0UWM4b0RNWlg1ME5CVUxPRnU0RGM?oc=5&hl=en-US&gl=US&ceid=US:en,医药产业,2026-02-06
英矽智能亮相 WHX 2026：连接中东与全球合作伙伴，推动转化研究落地 - ByDrug,ByDrug,"Fri, 06 Feb 2026 04:30:00 GMT",https://news.google.com/rss/articles/CBMifkFVX3lxTFB3bXB6NW16VzE0MDdtbG5xMVN5eW5hUlNyYmNjR19JRWZQdllVV195QmlNMUxUVDBYbThDY2pzcC1kMmhHU0lhNjhPTS1CNW1OYVpjTUYwVVp2SHFZSEdadnJaalQtSkIwLXp1cVduRWtoUDRVcDdxLVNlTHowZw?oc=5&hl=en-US&gl=US&ceid=US:en,生物医药,2026-02-06
科创生物医药ETF（588250）涨0.45%，半日成交额433.28万元 - 新浪财经,新浪财经,"Fri, 06 Feb 2026 03:34:00 GMT",https://news.google.com/rss/articles/CBMimAFBVV95cUxNYkc0RWViaHBzd2o2MWNmOElZMkpGWkhNQ0VnSC1mX3JFSnVHdkFodXFtWGREanNSeU5xOXVWUkNzaW9sX1VkSkp5UG12Mm42dF9aT3pkUWNlclg0bzZrSUNrbTdOSzBNYThacFdJdVVyM1JEMl9XR2xUYjl2SUNjYUpiS2d4NVk1eEI1NWVpd0F4eHdIb3RVMA?oc=5&hl=en-US&gl=US&ceid=US:en,生物医药,2026-02-06
投资人眼中，什么生物医药公司才是好标的？ - 智源社区,智源社区,"Thu, 05 Feb 2026 11:10:00 GMT",https://news.google.com/rss/articles/CBMiSEFVX3lxTE4xcUh1MWVUckpJb0NwcGJXMG5lcUc0RVdZaS1nVFQ2LVhwNks5SDB3bGZKNWE4bE5sV3RZaC04b1hBQWpna2tHVA?oc=5&hl=en-US&gl=US&ceid=US:en,生物医药,2026-02-06
港股生物医药板块震荡走高，诺诚健华涨超4% - 东方财富,东方财富,"Thu, 05 Feb 2026 07:37:32 GMT",https://news.google.com/rss/articles/CBMiZkFVX3lxTE5Ea0RzQnpiRFk1RXRkdmI5UEhJYndtM0poUUExZzVNSHV4T3Q2MXFCeXExaFNZbUNxdzBMQl90RW9KMFJaekExMUpObFZpdTlEUzQtSWhGbmRBdVd5MHNOSjZscGRUUQ?oc=5&hl=en-US&gl=US&ceid=US:en,生物医药,2026-02-06
又一企业总部落户生物岛！高端医药冷链服务覆盖全国 - Sohu,Sohu,"Thu, 05 Feb 2026 14:05:31 GMT",https://news.google.com/rss/articles/CBMiiwFBVV95cUxNamN6ZHUyUnFCdjJ6OVBobDdPYUlGeDhEMkQwZ1NiTzlxU2N3aHRjd3JWTFpYWnJQQnlBMHpMSHROZXFYRDRlOGt6cjVLNGVXT1IyMG5ob3N3dHM2VGRuV1V2aG1EbFhHMVZDRXcwdXREYUxuXzRuazNkWTd5YUFiNzZObjVOeDJZLXhB?oc=5&hl=en-US&gl=US&ceid=US:en,生物医药,2026-02-06
2月5日生物医药（399441）指数跌0.06%，成份股特宝生物（688278）领跌_指数综合_数据解析 - 证券之星,证券之星,"Thu, 05 Feb 2026 09:55:43 GMT",https://news.google.com/rss/articles/CBMiYkFVX3lxTE1HczJOR09hR0hMS1RLSGlyblNXVXd3OXRHVlA3dmNNc3E1cDVxR1hRODBZbi14VUNvS0dUUkpSdmJ5YkM4alBzODB2MTlJYUlDeHY0X0M3MUM4cVBtVVQxb2F3?oc=5&hl=en-US&gl=US&ceid=US:en,生物医药,2026-02-06
启明荣誉 | 启明创投及6位机构成员荣登LP CLUB榜·2025年度榜单 - 新浪网,新浪网,"Thu, 05 Feb 2026 08:17:08 GMT",https://news.google.com/rss/articles/CBMizghBVV95cUxQYWNYOENUZnE3Z3dwbmhRcEdWZ0dHQ0QwazdkdXhYam1idnZtZWtyTFVYUVVSYk9abU9BYXdFa1J3U0QteTd1Wl9PZlh5UFZUX1MzUHpRcXhHaTBtMzZmYzk2WkRMVDJQeGJCLUVMYlljLWxJSEVVbGhGeEJKV2xlVS1ETUtuODdENW1FblJPa0R5cG1Mdzc5cjVTNVZzTU45cXFObU52ZFB4LVNHcHNIWW5jQjVNQ1ZvcklNYTBUdkVRdHFtR2Y0Q3Z2bldTY0xVc2pzWHdZOW9jaUxuRWtHeXl6WS1vbi1CNFdiZXJlOWhqMV9KM1M5ZmJDb29zY2xZTFZOaWhRcEw2Y1p4bDE0WXZBQzJ2enVqQ0JjWlQxSTlEcnZHNEtMNWNzd1Q1SU56YUlVbXdyVTh3ZGJOemdwYVZJcHJTOW5LS0dRczc0eWxqV2JDcTZTMDV1alRLUVZ6d0ViTHRfMUVoU1FaT2NyYWNXSDZMZ3l3OE5uQmcwSXczSDRiZ1p3SDNrNWl0VmVldmNhY1FLeVFFcWFVT0l0WlRXVGFMblVBaVBKMmV0Q1VUSVlVYy01RDBQSHR5dXBHSnRxbWtYTTBiQ3hGdWE4bE8ySlRDcU15Z0ZINTFiT0FDd3BOeTVkUmlzRE1MZksxRHQwSlA0emFnYXVNR05LNmNaNzgydkFjWE9HZUU3eXFUQkxFbzVwYW5HWlNVZ1BwNWJiQWtzZWhXalJNVTlVVTBQNHFWZFFRRkRzcEgyUG1qc3NxV3ZOZldpRElIeHZSenA4dzl6YXpsTEpOb25xdmdmaFVoeW9iTGFKbVhtVVFrcXdlZFprcHljb3Q1aWFOaFhSNkEtbUo2c2lQVjlVUWJnTkZOM1RYREN6ekdSUXFQZTRMLTI4bk1sT24tYkdpRko5MGZNUWUwX0IwZ2xBcFphWWVhVlFSaTVFT0VVZlAtaGF6eUZUNTNIWVUtenBJTURSSjYwWEhLZm9IOEhJeGlrMzFXbjg5bnlMVWpDSk9UaFM1MTB1SjhfUmFMTVRMbFpYT25BVUJhcU9fY194Yi0xdnVOT0tvVWRUeWw0WWktR1JJUHl3djFuY2VVNUk5aUItRWU2OGNEQm9wMG1GN2pEbWtERW5xZUNMalNHOENpSnpHZWw0anZBNnRTeFprWHkzTXZqM1ZpLThJbkJ2SGQ4QWduZzdWMkNFUUYwVmk4ZG1KRE81YW9aTDFTekQ1NnNZQ3R1RC1lSktOVHZsSGFEeldZNkhnUl9VR2E2RnoyUEQwYUdpLXN3T3hoYVpmWThzWVE5eUFVeXZhSFM4b2tiRmttNzVTRW9ndkMzeG83M3pJdnlQblVNRXczSW96MkN3LWhadm9nWXlHZWEwaV9fTmlYMmEwYXg1YTc5anJEb2szQmdtODY3SVF6di1HcGFOeXE2MlJyNjMyWXRjbHhpV0hRaFJxamZSOWtR?oc=5&hl=en-US&gl=US&ceid=US:en,生物医药,2026-02-06
生物医药公司Eikon Therapeutics(EIKN.US)IPO定价18美元募资3.812亿 今晚登陆纳斯达克 - AASTOCKS.com,AASTOCKS.com,"Thu, 05 Feb 2026 07:14:00 GMT",https://news.google.com/rss/articles/CBMijAFBVV95cUxPTktWOElOdjBuZmExTGxOU2Q0Q1JNRnZidklUTDhrWmRZemUxZ2VlN2J1Sm9STG1COEEtTVBXRnVtZGhYbk1tUmhRdWRCQ0FLeW9lRHFoMGptRzd3WWtvYUFGb01ZR1dqT1JVME1Jc3JJbWx6NHFqUnV4QWpBY2wyYXMtZEZYM3pFcy1xVA?oc=5&hl=en-US&gl=US&ceid=US:en,生物医药,2026-02-06
“企业出题、医院解题、政府护航”，上海奉贤构建生物医药融合新生态 - 上观新闻,上观新闻,"Thu, 05 Feb 2026 14:08:00 GMT",https://news.google.com/rss/articles/CBMiXkFVX3lxTE9xUXFqeDJvZTR5WnZHSXRBazVFR3dkRkx3dzNIRW5aVVF0blVZS1lYbUQ0Zng0QVVMTUotc0xYdVZ2MmdQM1Y1SVhKYmx0VHpvMHF4WkZmVTY1UHNyQ1E?oc=5&hl=en-US&gl=US&ceid=US:en,生物医药,2026-02-06
生物医药ETF（512290）开盘跌0.10%，重仓股药明康德跌0.75%，恒瑞医药跌0.72% - 新浪财经,新浪财经,"Fri, 06 Feb 2026 01:30:00 GMT",https://news.google.com/rss/articles/CBMimAFBVV95cUxOeWx5cW9FZEQzRElHaXVSZjhVbm9SelFITHl1a1ZndXMxaERJSHY2RmxqZjlrdnVqRjhTNUNFUWs4dXJuUmVrVklaT3ZMc2pQdWdkSlNmVkpadzd1Y1VRNU00ZTQ3Uy1MNXpmSGR4NE85cGZCNmppcTRmTkFpbzV3alBraXRSeHVITUh3SmV3Uzl0UDBvTFhXRA?oc=5&hl=en-US&gl=US&ceid=US:en,生物医药,2026-02-06
资本持续加码！浦光生物斩获数千万元B轮融资 - ByDrug,ByDrug,"Thu, 05 Feb 2026 10:24:00 GMT",https://news.google.com/rss/articles/CBMifkFVX3lxTE9TQ3g3UFp2eDJBN214UXZVRlFZZW5La3AxVm81RmkwRGo0SGJLWWd3V0JHbC1JcWU1cVJkbzAzS05iTnhsWmlWRFFBRXhWenpid3VteURuWWZra2xPcUI1UnlMa0FZRzNWb0VGa2FDeWlfV1paX0J0UjJDaGZLZw?oc=5&hl=en-US&gl=US&ceid=US:en,生物医药,2026-02-06
2025年眼科医疗市场洞察：亮点、趋势与机遇 - ByDrug,ByDrug,"Thu, 05 Feb 2026 13:48:00 GMT",https://news.google.com/rss/articles/CBMifkFVX3lxTE9TLTB1T3VBWkNPRXZUVmRFdGtJbW9tUUlSdU9NUlJZNTFoQmxCSEs2YWVBS1FGbjZabUpQdkg2N0VqaGhVNmRfU2NkVUhYdklWVk8zTnZuTnFXaGczSl9RbUNUWnA5OTVqN3d4OTVncC1OZTZld3hITHUxWTdzdw?oc=5&hl=en-US&gl=US&ceid=US:en,生物医药,2026-02-06
恒瑞医药(600276):恒瑞医药关于获得药物临床试验批准通知书 - 中财网,中财网,"Thu, 05 Feb 2026 09:16:11 GMT",https://news.google.com/rss/articles/CBMiVkFVX3lxTE16RkdHamFHRHlEd3VyOTMwam83RHBzbVJFVlBPNlRkaHhNRmxUMHF0SUhSaHE5MVN1eUtBNllSeXpxaEdEYjV6QUlfN2JDcGhFOW9za3dn?oc=5&hl=en-US&gl=US&ceid=US:en,生物医药,2026-02-06
荣昌生物（09995.HK）：2月5日南向资金减持11万股 - Sohu,Sohu,"Thu, 05 Feb 2026 19:21:38 GMT",https://news.google.com/rss/articles/CBMiVEFVX3lxTE1sVThqd1R4RV9fNllzdEZnWlQ0QzNXQjhKQ0FOVFR0aE4xT0N6VmRHbmtZVk1CcURwcnNZb0FkeGw0NTZJSUFZRXhPOTlKVDZOSHBjTA?oc=5&hl=en-US&gl=US&ceid=US:en,生物医药,2026-02-06
派林生物人凝血酶药品获临床试验受理 - 新浪财经,新浪财经,"Thu, 05 Feb 2026 09:02:30 GMT",https://news.google.com/rss/articles/CBMihAFBVV95cUxOV290Y3hUWE5qd0d0TFlhZldLSWNDRkhGcUVtallYaGhwaTJ2MXVXX2w2RmtfVTgxbE03Nm5RT1lLcnNrVjl1aFpqWkFxN0pHb1Q5YVljMVBXZ3A0NXh0Y1hpOXF3aS13azJXQWtoWndIS0lkbGlkMy15dHpMV3E2LWFvM28?oc=5&hl=en-US&gl=US&ceid=US:en,生物医药,2026-02-06
恒瑞医药：SHR-1894注射液获药物临床试验批准通知书 - 新浪财经,新浪财经,"Thu, 05 Feb 2026 08:39:40 GMT",https://news.google.com/rss/articles/CBMiS0FVX3lxTFB2aDBHZ2djSTBvZm1jZXdUSXpuVlVNR2QzOEpCZ3pmNTFJaE9QLWNUT0FlRlp0X3oxWkljbzJmQWJDYXZEd3A2WHFHbw?oc=5&hl=en-US&gl=US&ceid=US:en,生物医药,2026-02-06
卖“增高神药”的长春高新，自己也要打“生长激素”了 - 新浪财经,新浪财经,"Thu, 05 Feb 2026 08:07:07 GMT",https://news.google.com/rss/articles/CBMidkFVX3lxTFBnTGZKZ1llai1UZ3c4cXAxa2ZqQjczU0otNHNuckZtTnVvRDJBYXp5NTdUdlR5TUdrd2tmZDdncktmM0tKRVJoNmxmNDg1VmtaSU1XVXBUVjRxYlFqUmplQzZ1ZExGc3R3YWJYa2MwV0dxUDBCN3c?oc=5&hl=en-US&gl=US&ceid=US:en,生物医药,2026-02-06
生物医药ETF：7月15日融资买入230.19万元，融资融券余额1.12 亿元 - MSN,MSN,"Thu, 05 Feb 2026 10:56:58 GMT",https://news.google.com/rss/articles/CBMi-gNBVV95cUxPdHJ0c21YSXAyREhRNDdtU3VMcHFyMURESFlhcFEtUWVuRFhXZTZPa19RVUkxTnFYQzl4Mk5PVnVfV2g4akJFS1liNVQ5X3U1Z01WNmM1TDE2ck9tX2ZGZFM0S0h1RUFsTWpPZWRxZU5VMDFRcmlMY3lTeDkzUzBnY3hnTGZlWkR5Q3lQREFuQUNPclUxVFhRTXk3MExjR1dLc0NMd3JuWXpCRUI3UTF1NHU4QmlES2xIbTlDZDQ5Y3A0aWlrUVNRMk1QNHNqMHNCclpuZmcyMmNrQ29TT0VtdXVtV3l3X2kxX0QyaUNILWstcmFhWGkwakpRdUtZMUlzTlZKYXBsZE1GV01kV2xUWm5SZDRBNHZKTG1UcUh2c252VkJuYnhDR2FYd3pDTmJrV3dDZUZwTXN0eWdMb2hkWWtJRENKMFFqQlFtRWlXd1pLRWpleExMRjg5N2dlLXpTSUYyRXJ6LXV4Zk5UNDVXbmxTNzhYbFROS3V4MW9jeXhLVE1qVlFDSUhfWW81Nmh4NGZLZFVhUGwxTmRqMVZ1c0FRV2llU3IzYWZmWnFHMjk1QmxSM01FTFlLZzlSVktXWWl0aFVQX0NBNU90WVpQandPUWplb0pHbDBwOFVSYS1fc1FPWWstN3NDZ2F4S3QwWUNneXhkcU5sdw?oc=5&hl=en-US&gl=US&ceid=US:en,生物医药,2026-02-06
格隆汇公告精选(港股)︱恒瑞医药(01276.HK) 旗下三款抗肿瘤药物获批临床试验 - MSN,MSN,"Thu, 05 Feb 2026 16:23:20 GMT",https://news.google.com/rss/articles/CBMizwRBVV95cUxNX3RsTFZneDJueTZHbHFrTXZSSGMwMmxGbW95ZFczT2JFOW1BY19fNEpuUldvbkp1ZlRyWm9JTDFQRFNKRWV6WHNhT0s3Z2xOXzQ3cFI1UDlfTkFGcUFwNzZwOTVSaXJEWWtVbW43UjZNZ1c2ZHBkeUFrYkFGMUVqRU1udzNnVEktZTFDN0pEdmZybDBtSVJaMHdkRjBxMW9USnhJeEdCb0IycjZjaGRBSWRuQWVtdjU2dm5FODFHMkIxVUozQVY3SE91cllOZmpubDZFVldwY1VlSzlqZEFxSFlvbGNCRzRTbXlfSjBrenpqOEs3RjFjV2dfSGcwQ0hfeFBRLUtNcFlvRm1iN3pLdC1wcEtZSGo0LUloWV9qQWhGd2dGWEhZMUpTR2VDejJVTlNZdEJyZll2aHhPNTBlakdObnRBd2ZtQmVRZ3kxZWppaW03TmRkNXJZRFZ2TnBWbXlKdkRJVURjWXM4d01kb3ZjeG9hZXdkMFhoTGdKdk1hSTdjMlJWeWVZLWkxejZOWXpLOFpsX0RBdFJaWFU2eTZhNGtLR3ZCQ1ZrRS1ndTBVVEFCTjBpMmpneURDNm1qLTZsRU90VFV6MmVqeUppcFhfZml6QUh0YVJOSHBNVzVVREJUR1BJV3NVWkxjYzBuZ3VDOFdjTGwyOVRXa2lVaGtaYV9jLXJ3cWQzNmNNQnYtWlpuQWZLNHVwaG5ZS1E0cTJBZHJWMnVXbHY0YjJsZzZqUE1EaWJQcUZwT1F0MllzOHg0TTNVV3VxeUdYQTA?oc=5&hl=en-US&gl=US&ceid=US:en,生物医药,2026-02-06
【投融资动态】来恩生物B+轮融资，投资方为万联天泽、万联广生等 - 网易,网易,"Thu, 05 Feb 2026 11:35:33 GMT",https://news.google.com/rss/articles/CBMiYkFVX3lxTE5wTW5QQXpMVzdwOTdPMU4xYjlFMFpGY3l1Qm02azRQTHFGNWRIeGhGa0g3NU5sYVhQR0ZyOTlXVXJDRU5ocWxuLXRyemhtYmlNV3JWUkpJYjJZM1R0S0luRGlR?oc=5&hl=en-US&gl=US&ceid=US:en,生物医药,2026-02-06
2026年重庆市卫生健康、医疗保障、药品监管工作会议召开 - 重庆市卫生健康委员会,重庆市卫生健康委员会,"Fri, 06 Feb 2026 04:05:46 GMT",https://news.google.com/rss/articles/CBMid0FVX3lxTE5wcTJaZ19sRmpuRGlWdnc0NHJzeXRCWnhZWl8xWk41TldmdldEbFB4VE5Mb0VhdnRzVnY4TnRWaGt0SXRzTWxNRzVRTElZbmhqOEVfanY0LURjTU1jQWlVZl81c2pZUy1CSmhrRXBwQTVmU3dZbnlv?oc=5&hl=en-US&gl=US&ceid=US:en,医疗健康,2026-02-06
茂名：筑牢粤西医疗新高地，绘就健康惠民新蓝图 - 中国网,中国网,"Fri, 06 Feb 2026 03:06:02 GMT",https://news.google.com/rss/articles/CBMiaEFVX3lxTE1QR2dFc3BVWjBuSUN5TmZOUDY1ZXVLdDFIM3V6akNZaTBFYUNFYk4xdDBPOUExMzdoZXNfNGpDcUpKUjhUR2pxa09QSEhTQVNUZGtINE43OHNtRFc3ZlZrQy05Rzgydmpm?oc=5&hl=en-US&gl=US&ceid=US:en,医疗健康,2026-02-06
揭秘卓正医疗上市背后商业密码：争做中国健康服务行业的Costco - 36 Kr,36 Kr,"Fri, 06 Feb 2026 02:36:00 GMT",https://news.google.com/rss/articles/CBMiU0FVX3lxTE80LUI2ZGtJSVBGckFTUzFSeUNldERIMzBXM3VNNG5nWDVNR185SnlsTWNLQktLNVBnM2VrV0Y3LTBBX1BZbDdwUi1LdFFQcDByWkJR?oc=5&hl=en-US&gl=US&ceid=US:en,医疗健康,2026-02-06
「卓正医疗」在港交所IPO，打造健康消费行业的Costco - ByDrug,ByDrug,"Fri, 06 Feb 2026 02:11:00 GMT",https://news.google.com/rss/articles/CBMifkFVX3lxTE9YMUpSY3UwT212azQwZVh3cGVmYmJ5c2w1bE42NUVRcmF6YzRHMEpRMmdvWDg0bTlMR2RzR0RaT1ZweEZfU3BRY0dMUzdycGhjZFMxLU5uVDJGNE9RTUE1TklCaTlpdXFPMnRXd2dzWURyRGNJWURuV1F0YzhDdw?oc=5&hl=en-US&gl=US&ceid=US:en,医疗健康,2026-02-06
石景山区卫生健康委召开石景山区2026年度医疗机构校验及安全生产巡查工作部署会 - 北京市卫生健康委员会,北京市卫生健康委员会,"Fri, 06 Feb 2026 02:50:44 GMT",https://news.google.com/rss/articles/CBMifEFVX3lxTFBDZFJMeEdvWEE3Y0JYRHlycHp6cnBUa241aDBEbm1lSkJmdmNPMWVGZGhYUHU3YlBSN2RMNEt1NWt0UWhLbmVNaTVXUnlxVmd3Q1ZvV0ZnQXNPS1YzMlBIbE13eFRoX0Z6V3Z1LURPN0owV19oNnRpVlo4VXg?oc=5&hl=en-US&gl=US&ceid=US:en,医疗健康,2026-02-06
祁阳：向子顺调研、调度医疗服务提升年工作 - 永州市人民政府,永州市人民政府,"Fri, 06 Feb 2026 02:34:00 GMT",https://news.google.com/rss/articles/CBMihwFBVV95cUxQRU42TlpXcUt2WElhcHBJcDR2Rzd0a0ZvNU42Uy1ySVJBRnA1eHBQdzlIT254cWxGckFkQnpTdnJEcDhBQUtZLVVFSmFHeFV6aFhETTc4dHdGRnUyYkwzTGU2Mm5vbExzUnNoLVRLNWhTSW9aM0VmakJMaGQwNVlBUERUd284SE0?oc=5&hl=en-US&gl=US&ceid=US:en,医疗健康,2026-02-06
让优质医疗资源离家更近 - 人民网,人民网,"Fri, 06 Feb 2026 00:20:00 GMT",https://news.google.com/rss/articles/CBMiakFVX3lxTFAySjhVelJsS081YnVaVV94ME5SMDRkd1E4ZnhTMmxvVEl6bVhlWE84ZjF2dDJYNlFRQmh0eW10SngzanNXRThaNHZRVkNBOEF0dTF4am9Zd1NBa3dyTnl2OFlNY2JDajZKYUE?oc=5&hl=en-US&gl=US&ceid=US:en,医疗健康,2026-02-06
今天我主持｜优布局强服务 智赋医疗新生态 - 中国江苏网,中国江苏网,"Fri, 06 Feb 2026 00:01:00 GMT",https://news.google.com/rss/articles/CBMiiwFBVV95cUxOSElUeHF2STV1cVBwa2FnbXlVNUVLNzVFeGZyVlB0SlBaelNGM0U0VHdDVnZ0WE5MZlVVRG15YUNmMURzWmQzRTByLWY3bWlSeG1pa1Zwb05vT1F3UmNqTFRPY0NQbUhMbERJelh2TDJUaXM2aXdPbmxXX0FscTIwWERBRS0xSkdySVhj?oc=5&hl=en-US&gl=US&ceid=US:en,医疗健康,2026-02-06
智汇高端医疗，共筑健康未来 云知声与嘉会医疗达成战略合作 - Sohu,Sohu,"Fri, 06 Feb 2026 01:54:39 GMT",https://news.google.com/rss/articles/CBMihwFBVV95cUxQeVU0cm5pLU1zSk9VcU45V2MyS1kzM0UxYmp2X0JmS3VSalhxTjh1UVc4aDBMd29NRC1QSnhzdG9NYnRaSENEU3BTaU56QURaYWRVRTZXVnE3UlFKdkdKWm4wWm5CSGt0LU5xeURlOXpzbHR2MS1OM1EtLV9hZUpEdXd4UFRaa3c?oc=5&hl=en-US&gl=US&ceid=US:en,医疗健康,2026-02-06
党建红引领中医兴惠民生谱写新篇章 - 中安在线,中安在线,"Fri, 06 Feb 2026 03:27:18 GMT",https://news.google.com/rss/articles/CBMiakFVX3lxTFBHR0FXbnItajJRbHI1M3BndVJBRldJYVl0SzZOU0JFc0hDYXcxVE1uWEp2NktTX2ROY1FDMW1oSVhwanV1TkRRR0cyNGlHdWNjbXRjMmxHU3VWM2o4WWhtR2U5akk3bUVRcWc?oc=5&hl=en-US&gl=US&ceid=US:en,医疗健康,2026-02-06
巩守平一行走访慰问全科医学院寒假“乡村健康小屋”基层医疗师生实践团 - 西部网,西部网,"Fri, 06 Feb 2026 01:36:00 GMT",https://news.google.com/rss/articles/CBMiZ0FVX3lxTE1sM1M0Z1o2bmFHbFBJTThzTnBpbldDcDdJWHN0dlctRDBnQ1JDbXYxRmNLU1E0UllJN1FYMC16VW9ORGY4SVAwVXhHbHZrdWtXRlVCZldLRG8yc3RGT2x0TXV2VDhZXzA?oc=5&hl=en-US&gl=US&ceid=US:en,医疗健康,2026-02-06
锚定 “十五五” 开局！聚焦“双十行动”，2026广州卫生健康工作这样干 - 广州市人民政府,广州市人民政府,"Thu, 05 Feb 2026 11:13:18 GMT",https://news.google.com/rss/articles/CBMibkFVX3lxTE5kczFMVnJrbjNRaXJweWFmb0o2bkEycEQ5MlhEU1RKRGNuTk9Rb1FNQUhlTDl4WmphY1ZpTzNpbjk4QTBMVzdEZzMyV3hwNUNLNmYxLXFOXzkzU040a1lfdW5RZS1sUXR4aUpfbjd3?oc=5&hl=en-US&gl=US&ceid=US:en,医疗健康,2026-02-06
【首发】央山医疗完成Pre-A轮融资，助力中国首台无遮挡手术机器人商业化 - 动脉网,动脉网,"Fri, 06 Feb 2026 01:58:00 GMT",https://news.google.com/rss/articles/CBMiR0FVX3lxTE9RcG9IQ3B1NE5CSjEwWUJXd3ByMVNvZlNHUGF2YV9aTHpkVUJseVZ4UExtZVZYQWplTkU0T2NwUGJBc3c0dVBZ?oc=5&hl=en-US&gl=US&ceid=US:en,医疗健康,2026-02-06
重庆“长护险”今年将覆盖全民 预计全年惠及100万人次以上 - 重庆市人民政府,重庆市人民政府,"Thu, 05 Feb 2026 23:19:24 GMT",https://news.google.com/rss/articles/CBMidEFVX3lxTE01T1MtczY4Q2pBRmdMSmZKc1JFbkpzS2pBY1pqSnVqSzI5XzR1TFdUWDVCZUdJNDI5UnI4M0R2Y19fSVh6OUZ1anFwMjZsM2xFRzJYOWdEOXdpOURIc0RqcGJGZ0NtWmEwbDhSS1g2cTRXeEdx?oc=5&hl=en-US&gl=US&ceid=US:en,医疗健康,2026-02-06
省人大代表华飞：AI+医疗赋能 厚植民生新动能 - 中国江苏网,中国江苏网,"Thu, 05 Feb 2026 12:51:00 GMT",https://news.google.com/rss/articles/CBMiiwFBVV95cUxPSlY2ZXlQRm5OZnJUcFhlUmNEWGRjLVlOQnV4aW1SbnhzM3NaLTJzSXRTY1daeEM4U2wzWjJOaG8yLXBpY2dlQ1llMWJKRkw5QmNySGtsNERUN0JGZlRjU0tjTTAwS0xqVkFlWVZSVG5oem1Db2NsQTllSmVwUHhnZGZwY053R0dMeHZn?oc=5&hl=en-US&gl=US&ceid=US:en,医疗健康,2026-02-06
党建领航促发展 文化赋能惠民生 - 中安在线,中安在线,"Fri, 06 Feb 2026 03:05:41 GMT",https://news.google.com/rss/articles/CBMiakFVX3lxTE8yNjYzb21mQUpxVjFmT1lQOERrN1MwU25kSDhFeGxmMmg3amprRDRIaVRxR3E2SV9VVHg1ZUJlSlNUM0JITmIyN2piVXotcnRPX0JpNjRCVmRNMmpvWkRuVk9tcXdwQzJWYmc?oc=5&hl=en-US&gl=US&ceid=US:en,医疗健康,2026-02-06
卓正医疗在香港交易所主板上市 - ByDrug,ByDrug,"Fri, 06 Feb 2026 02:51:00 GMT",https://news.google.com/rss/articles/CBMifkFVX3lxTE5HSEwxOHFqNFJpVWxJY3o4M2FTQ20wTlpfTWw4ZU85SHh6OVpqZURtN2l0T3M2VUxyZ2RmTGhrSGYwQzRSZUxHRmhxWjJDckFrY1NmTzhKR01jcUl3VTEzU2tJeldybFVyeVhuakcwTWRvVVhLOTVSS0pYWHZzZw?oc=5&hl=en-US&gl=US&ceid=US:en,医疗健康,2026-02-06
诺华：首款siRNA降脂药年销首破10亿 - ByDrug,ByDrug,"Fri, 06 Feb 2026 03:09:00 GMT",https://news.google.com/rss/articles/CBMifkFVX3lxTE1LQk1wVzhUTE1ack0zX3hrZ2UzVnZTNUk3MVpRZGdHdWU1S09WcFlJWGFvbk0tZlphNUJxVnNYcU03Y2pXeFo1QUtsdHRwWmhCVV9sSlRxYVZjSU1RNlU2NW5ZNWhiMW1oLUJrWE1qUnM1eFJINzIzSnh4NGwtQQ?oc=5&hl=en-US&gl=US&ceid=US:en,医疗健康,2026-02-06
山东移动以科技筑牢全民健康新防线 - Sohu,Sohu,"Fri, 06 Feb 2026 00:36:41 GMT",https://news.google.com/rss/articles/CBMiiwFBVV95cUxPX29jeWVwd1VkZ29BUElKOFVMSVo0LVRuWmtpRHFsVlNUemRXMkpfOXVBa19jZUdUZDl0emxwSVlTRmNfN2R1enlTZXFSc1BDWHlVSjd5cWJMWEFuc0ZvOGRwdy1vSHZaY3BabGZfTzRVeGJELXE3ZmcyVU5OaDI4WDFUaHpDM0VFUVBz?oc=5&hl=en-US&gl=US&ceid=US:en,医疗健康,2026-02-06
两会声音 | 乡村医疗如何提升？安徽省人大代表建议关注“健康守门人” - 人民网－安徽频道,人民网－安徽频道,"Fri, 06 Feb 2026 02:55:00 GMT",https://news.google.com/rss/articles/CBMiakFVX3lxTFBJc0xsdklnN2FqYkV4a2hWRzk3UkNuQjJBbE94UldCeDFrb2lCbTdzSEFFcWxJdnVZekhfSFB2ZThEWUMwZUQxZEJ4T3BpWEUwXzVKdFNTbXZsVkhDUVpCTzZHcl9FVG1UQlE?oc=5&hl=en-US&gl=US&ceid=US:en,医疗健康,2026-02-06
爱尔眼科被曝控股骗保精神病院，爱尔眼科回应关联质疑：与恒泰康不存在直接股权或经营关系，支持依法依规查清事实 - 新浪新闻_手机新浪网,新浪新闻_手机新浪网,"Fri, 06 Feb 2026 03:04:00 GMT",https://news.google.com/rss/articles/CBMirAFBVV95cUxNbGNLcVBNRVNHZ1YtS0lLa3o3WXhfdnlmWnNXYTZ2MHNsOHpCamRoWmlLR1o4WkZZbl9yR2EtRXg5MmR5TFVsTTNhazE1dXRzY1Q0dzVrV1EzQVVXa0tad2dnS3lWWk1vYmZFUW1qV054am1wQWlIWGVhU3FDQTFfQ1Zpa1RpV1c2NlhqVF9nSnRHQ0lWZ3I0N0R3Q20tYkxwc1pnT3AxNXpvSHFa?oc=5&hl=en-US&gl=US&ceid=US:en,医疗健康,2026-02-06
可孚人工智能研究院揭牌 可孚医疗推动“AI+医疗”深度融合 - 东方财富,东方财富,"Thu, 05 Feb 2026 11:58:07 GMT",https://news.google.com/rss/articles/CBMiZkFVX3lxTFBFdFBRRmNLOHhtcXVERWFzSURPUlAybFg3c25ETEZzTHRSWWdqQnVabDdSUElMTlJXaHRIVUtNVlVCblUxSnNzbUdnamlQa3U2S0VuVUZlYkJWS3Yzc3BONTZISFMtUQ?oc=5&hl=en-US&gl=US&ceid=US:en,医疗健康,2026-02-06
江西省居民健康素养水平提高至33.72% 呈现稳步提升态势 - 凤凰网江西,凤凰网江西,"Fri, 06 Feb 2026 01:43:08 GMT",https://news.google.com/rss/articles/CBMiSkFVX3lxTE5wb21tcVdRZmpybTcwbFBWUUZfUng1YmVTekRySG4xb1YxeWU3WndhVlktQmRzM3YxWmxhSUk4RUkzRDF2bmNjS2NR?oc=5&hl=en-US&gl=US&ceid=US:en,医疗健康,2026-02-06
医渡科技1月通讯：出席达沃斯论坛，AI业务加速落地，行业榜七度封王 - Sohu,Sohu,"Fri, 06 Feb 2026 03:55:24 GMT",https://news.google.com/rss/articles/CBMihwFBVV95cUxNRGhIQVlodlRGQmJXUG1FSzBxWGp0aHJ1Q085MF80NlJyQTV4QnUxYTlraXdxN09Pd1BycE1QVGRiaFhsV21xeTdBRlNRaE5tdTY5cjlnRE92NEF2R3NxTU1xbzByMXB5al9MbHNuNFJGV0ZUVjJra3ZSVTdMb1JtdFhGMGF0eWc?oc=5&hl=en-US&gl=US&ceid=US:en,医疗健康,2026-02-06
海南大学非直属附属三亚中心医院揭牌 - hi.chinanews.com.cn,hi.chinanews.com.cn,"Fri, 06 Feb 2026 01:28:00 GMT",https://news.google.com/rss/articles/CBMibEFVX3lxTFBmQ3QyZm55ZGlkVjU5RTNFUE0tbkZIdlZNVHV0WnNhS3hldUJqNVJIdGVaaG1IMzBwZUpOSndlcVctMFpqMW5tTC0tZFEtczdrZnhONDd3dnlNNU5hZ25kelVhcjFOUEktUDI0cA?oc=5&hl=en-US&gl=US&ceid=US:en,医疗健康,2026-02-06
从“长寿闭环”到“产业共链”：2026年泰康大健康产业共建会成功举办 - 新浪财经,新浪财经,"Fri, 06 Feb 2026 02:51:00 GMT",https://news.google.com/rss/articles/CBMieEFVX3lxTE1mdkxwWjc3OVNwUzlQQnB1MTFVeV9odVpjYjVCQ08yZTJpQ0dhMV82bmExVXJSbVUxN2NDa3c5WDBaN2t6eGlJLTY0ci1USllZS0ZuVmUxSVRGa1JUekJsMEJjdUY4ZXkzdDJrREdhUktGd28yYzRXNg?oc=5&hl=en-US&gl=US&ceid=US:en,医疗健康,2026-02-06
AI医疗，七大趋势 - ByDrug,ByDrug,"Thu, 05 Feb 2026 11:45:29 GMT",https://news.google.com/rss/articles/CBMifkFVX3lxTE9SUDlSckx0TzQ2NGFTRm0yN3dRY29ZQWFFY1BkUGhCaEZERmhnZlJOZUwzWW95Tmh4enUzMWV1c0l2RnZzaV9lOFpnTUJXYUFWLVBlY2RwVUd4Y3ZVWkdrOW9KaFJfNTI2Z2dMcmNXeGR4cko3UUVkWXlJajRQQQ?oc=5&hl=en-US&gl=US&ceid=US:en,医疗健康,2026-02-06
西安市红会医院皮肤科与医疗美容科荣获多项表彰 - 西部网,西部网,"Fri, 06 Feb 2026 01:29:00 GMT",https://news.google.com/rss/articles/CBMiZ0FVX3lxTE1qS2hTaXdRN2NJaW56YjN5Um5TVy1FYXRDUlBGTlZaa1d6d09hOFZRRlBBdWdfVTdlbGR1SlhFT0pHN2I1UVR0THdYQ0RCb1Z5V0lndWlVQ1plZS0xcEpHeVlZR1JINTQ?oc=5&hl=en-US&gl=US&ceid=US:en,医疗健康,2026-02-06
从“外滩打卡”到“三甲打卡”：国际医疗旅游如何成为上海新名片｜两会话题 - shobserver.com,shobserver.com,"Fri, 06 Feb 2026 03:06:00 GMT",https://news.google.com/rss/articles/CBMiXkFVX3lxTE1DWFQ0OHNOYW1KZzRJOUllTnhTSXZSQkZsNTFzWmpzZ2FYMHZaeHppYTFzY2k1M3FZQk5EdEh4ZTRLNlZnekdCckNPcTh1Q2ZQNi15d0Y3Z3EzeERsYmc?oc=5&hl=en-US&gl=US&ceid=US:en,医疗健康,2026-02-06
「最新融资」安济盛生物：完成1.3亿美元D轮融资，致力于开发旨在改善肌肉骨骼健康的新疗法 - ByDrug,ByDrug,"Fri, 06 Feb 2026 02:26:00 GMT",https://news.google.com/rss/articles/CBMifkFVX3lxTE5WTVpIM0V1cGxreWlCeWxOZndKbnpUdEpSeTN6UkJ4OE1QNFd5WTRpelNLUEZMM2NGVGtPdEdBNUNYOG43VEJCQzFCdUNhdTVPZnk0RDZOa1VodkRCZFNaWWp6UWhidVNzVWFPejhONnRHQjdxWTFxMU9xWmNzZw?oc=5&hl=en-US&gl=US&ceid=US:en,医疗健康,2026-02-06
着力构建优质高效医疗卫生服务体系！平远县“十四五”期间深化医药卫生体制改革，不断提升县域医疗服务能力 - meizhou.cn,meizhou.cn,"Fri, 06 Feb 2026 01:37:00 GMT",https://news.google.com/rss/articles/CBMiVkFVX3lxTFBkOFFGOUVvcUdrNmtMRy1ZbHU2T1JWZGlJR0RDSXE1cUxxT1hFUzN5UW5aVFdGZmt6SmtJVnFiSDlvQTZPa0JDT1lzX21PNHI4MEdYc2F3?oc=5&hl=en-US&gl=US&ceid=US:en,医疗健康,2026-02-06
撕掉会展标签、转型AI医疗与互联网大厂竞争，万怡医学递表港交所 - 维科号,维科号,"Fri, 06 Feb 2026 02:44:00 GMT",https://news.google.com/rss/articles/CBMiVkFVX3lxTFBxU3ZsQjlmYUpra0lTU3BQRWpKTU5LR3dLZ0xCN2hGSnp6MHhWQ1dWWFpqYzY1T3JOZ2JZenlpc3JrNG5SVjBLcktCeGQ5RFlfSmlFWVhn?oc=5&hl=en-US&gl=US&ceid=US:en,医疗健康,2026-02-06
国家卫生健康委回应襄阳、宜昌部分精神病医院侵害患者权益等问题 - 珠海网,珠海网,"Thu, 05 Feb 2026 12:39:00 GMT",https://news.google.com/rss/articles/CBMid0FVX3lxTFBZejBEbzZ0YU02LWNDdWVsT1ZfMlgzWHdIVHl2OE5FeDEyY2xXb09xRzBWX1hYaTVHYlFIM0tzUmVFb25iOXN2QmQ0VDVjUFM2VUJnUXNWUnJ4UnY4UUNhd1U1U3JreWFhNTlJUWRkcXJ3ZXpRcXVR?oc=5&hl=en-US&gl=US&ceid=US:en,医疗健康,2026-02-06
中蒙消化内镜培训中心正式揭牌，搭建跨境医疗合作新标杆 - 新浪网,新浪网,"Thu, 05 Feb 2026 14:16:08 GMT",https://news.google.com/rss/articles/CBMiywJBVV95cUxNb0tfblhnbl9MX256WkxzRUh6UUZKTjhLd3NTUXJ1aEZqWG5rTVVlTlNnRDVnNlRWSU5ybU5xTGVHT05JQTZ6aG1hZUxHUkpaZ0tiNUhPemRobWJxXzJOV1FzNTBJVy0zbUNZeWFYLVlrMF8xanZfdmVDWXVrUEtlUzRfLWx0V01zNGFlemNpcFVkMG5PT0taVUtwM0g0OU5GWFZHS2ZFTTQ1VWZFaVc2eWNJQ0ZXc2JIaEtUckFjb3ljOFFXbWFpUGZSZENZcEQxUVRXdFRPZ1hYaWdiaFdxOUk5UnJpYm9EMTBXYTV5ZndiekZxN3Rhd282WHBGcFJMQUlrckxGWHowU2JXbWtUaGZ3cERGVVZiMnBBdkRESkphZUI3RlR3RHRJejZUVUl4ZUhTZ0RqanZkbVRCRkVkUVdkT2hfbmVLTVJF?oc=5&hl=en-US&gl=US&ceid=US:en,医疗健康,2026-02-06
市政协委员冯旭初：八镇医卫互通共享，工人就医有保障｜江门两会 - Sohu,Sohu,"Fri, 06 Feb 2026 00:40:47 GMT",https://news.google.com/rss/articles/CBMiiwFBVV95cUxNZU41ZUlQYTlQR2UxX3piUFo3R1Z4bzN0NzJpOTFSbU15ZFVlMUV3MDc3RExtSG5zUVFkWXZ4V2lkdEJtdDZnM3lPQXZSeHJmRy1jQjYyZFBRRXkweElzdjB3bFh4THVXTDUwM0JtaW1oUE4tWkhuS3BBOERpSlJ2S2UtQ0xabWhWU3E4?oc=5&hl=en-US&gl=US&ceid=US:en,医疗健康,2026-02-06
从理赔到服务：新华保险以“三端协同”重构健康保障新生态 - gsjb.com,gsjb.com,"Thu, 05 Feb 2026 10:03:00 GMT",https://news.google.com/rss/articles/CBMiZEFVX3lxTE9IRDRUYkZGeXBXYlJkVmZMeF9WblJZVzdhandxc1lxWUJhdUNqaHRlaDdSejdmWXJYWVJ4dGNMT1hJMGFyWlN4ZGNIVnhSb2xjSDhLaU1FNGZZSzY4N2U1YlB0a2c?oc=5&hl=en-US&gl=US&ceid=US:en,医疗健康,2026-02-06
董事长疑为湖北一“骗保”精神病院实控人？爱尔眼科回应 - 中国经济网,中国经济网,"Fri, 06 Feb 2026 04:05:00 GMT",https://news.google.com/rss/articles/CBMib0FVX3lxTFBPeTV1LTRuZVZQM3BBTmdJTlNZN0d6dTFwdGdzcVJRTGM5bXBQWV9WMGx0TnpnWDhMa3NmdGZEejNkdDFhWFpwVmNBZUk5U2dLc3VkNVBpSkQwbW1mYWJuTWtNQVdVRWJ3NE9aQ2x1SQ?oc=5&hl=en-US&gl=US&ceid=US:en,医疗健康,2026-02-06
天津：严禁使用 AI 开处方 - 新浪网,新浪网,"Thu, 05 Feb 2026 23:16:29 GMT",https://news.google.com/rss/articles/CBMijgVBVV95cUxPOG5kWXl6NEJkeGFqQkZfMGMyZ25TcWgwVkMzUG02SDMydlVBaXl3UUFVMzBqQWlJX3J4QnV4Q1FnV2o4RXNwUDZaVjNCMURwVm9NVk9YbF9sMXZSeVlwV0VPU29FUkp6UjZvcUU1cmk0UDJhcldibVo3ZER6SF9yY0ZoWUFVa0VCb2xiY0ZOMUI2ZHpJYktZMWZLbUU5SEhBbVVxaTBJaUMycTk2cnlYS3cxQ0c4WS1ucmZ5NnpLZlNRWXBwZTl1QlJLTmFYSkJBRkhEV2prZFRVbmxKNWY1bFFYdVN3el9MRjdxdWd5NHRQcUpJQlZ2TDROYldkSWNWVkR4eERJQ0ZyT3VtMk5JZzM0Rjdtb0NNT3ctVXhyd0xfVmc3LXl5RzZlTG1fa3ZxY2xGNENzZDJOdU5TWGZuMWs0bl9qR3hMVkNjVnVfOF9TSmwyUlEzMld6MkVSbER6QktKZHZEOGNjdE9kNDRNdGh4TFEwbWVBN3RsWnNOZUwxSkVIMVdTVF9hRzhsMU1wbjdYUS1zVVo1QkxVb2tac0xiU05yT0l5UDlwTFRLeUpHWkRDUV9LakNvUllsektPamtUNHpfMEp1WFIxZUJxN2IzM05zT1VtTDhjTHZVSF90cDk4QV9jT1pHLXBfWHdvS0xqeTUzVkREN29xbFhCMTVOSVVnV3Iyc1FWMHg0LWtLX3lKZklFWDJrUHZwUm1jdjA4cmg5UmdRVm1LLXdLTGM2bXo5ald3blNibzRGWlQwMDVTdzAxUy1uTm81ZGQ3SjQySVRNZGRNaGJBUUEzcmhTTzhEdGdXNU4xLXpld0ZoR1gxcGoxMEVReWJkQkdQcWlBdGpUcU90RHJBbWc?oc=5&hl=en-US&gl=US&ceid=US:en,医疗健康,2026-02-06
全国首家政医共建未来智慧医院融创中心落户东西湖 - 长江网,长江网,"Thu, 05 Feb 2026 15:26:00 GMT",https://news.google.com/rss/articles/CBMiY0FVX3lxTE5YdDkwdzBIdmtETExqeEt4Q25EeTlBUVYtbUNDbk1RVHgxNWd1TlF1Ul9HX3Y5M2VUQXNxdHhXMXFMektJeVVxYUh3WkFPd1BQSFEzNVROeWNpSXEwZ2haWG03VQ?oc=5&hl=en-US&gl=US&ceid=US:en,医疗健康,2026-02-06
学校召开医疗领域警示教育会议 - 中南大学新闻网,中南大学新闻网,"Thu, 05 Feb 2026 15:05:37 GMT",https://news.google.com/rss/articles/CBMiV0FVX3lxTFBTbHJjblNvaXZ2UHFlSWhkXzdiZElVY3VkdVZEeWFabFlvTHdzZHM4RFpwa285TjIxOG9CckxsNjdiMkZXcVBCcHp4VXNpd2R4bkpWbnlqVQ?oc=5&hl=en-US&gl=US&ceid=US:en,医疗健康,2026-02-06
81.1岁！长沙人均寿命增长有何密码 - 昆明信息港,昆明信息港,"Fri, 06 Feb 2026 01:54:33 GMT",https://news.google.com/rss/articles/CBMiZkFVX3lxTE4yek5QSmh0bmpVQ3l6Ymg2Unpid293ZGF6S3JzY045aTJSaWZ3Y1NKN1lyaUp4RXRDU2s5RThGbC1BSWdYYUJUYjFtaGFHS0lqT1Fza1FkT0o1V0xVb1RXYzhmVFRrdw?oc=5&hl=en-US&gl=US&ceid=US:en,医疗健康,2026-02-06
长城基金医药投资团队：继续看好医疗新科技 寻找创新药新逻辑 - 新浪财经,新浪财经,"Thu, 05 Feb 2026 12:43:36 GMT",https://news.google.com/rss/articles/CBMiigJBVV95cUxOUTUtdUVSQThJbjFIWlRhSUtjZFA2QXNpRmtZSTFlR3pELTVGTXpVajF4dGZYdnVMM21SWkU2UURsYWFFeFpYMHo3ejZNSXdPTkNEMlhtVDRzdmNFcmRGS0x1clVjYTI5Y2Q3RDhvVUtCSWp5QU9xQk1FQ2lPNG93Y292X3JUVkF5TEtxM3FiQU0yV3cxRVItbklvVzhCdlZNd25pZEQ2RktCcDVJVW9YeTU3WXlUVnAtSkVTMTN4Q2ZncDdsOHBZa2tQczhWY0pTUVBmeS1FMUpVUzJtSHJjMGgxVXQySkVybEZoSHNGVExSRS1VZ3NOcXBhaTZ2b29WREZKTWdlanZadw?oc=5&hl=en-US&gl=US&ceid=US:en,医疗健康,2026-02-06
市红十字会携手青岛城运，共启民生健康服务新篇章，青岛“96650医疗照护转运服务平台”正式启动 - 半岛网,半岛网,"Fri, 06 Feb 2026 01:17:00 GMT",https://news.google.com/rss/articles/CBMiWEFVX3lxTFBxQ3A0TXpmaTEzUG1hdXd4ZjlGYVFVWXVnT1RFNXVIOV9aZ096LWlobk4zYTF0UEVWYjZTNk8wWGZWM1ltUFNxV3pvclRUSmQ4b1pDd1ZycUQ?oc=5&hl=en-US&gl=US&ceid=US:en,医疗健康,2026-02-06
“老外涌入中国看病”，跨境医疗这盘棋该怎么下？ - Sohu,Sohu,"Fri, 06 Feb 2026 01:54:35 GMT",https://news.google.com/rss/articles/CBMiiwFBVV95cUxOelc1UHIyMUhtaEM4TEJMenpGelJETDJwRlBtUUY1UmxYRThOM1NvUVNtTHpJZWNZMkNkZ3hmU2JFZVJrYmJMOFNjZmZwcFRNeVJVb3JCQjRsYUI5ajEtd0VTbFQwTHF2U3Y2VExWMWhFX0gyR2xOMU8wd1BhVkVPUFp3RWg2cjBJamRZ?oc=5&hl=en-US&gl=US&ceid=US:en,医疗健康,2026-02-06
2026年 重庆将为70万名妇女免费“两癌”筛查 - 华龙网,华龙网,"Fri, 06 Feb 2026 01:19:00 GMT",https://news.google.com/rss/articles/CBMia0FVX3lxTE1qWUlUbEZ6UmhucDlHa1REWjFJRnY5Q2FFRC1ibC1mbEVuY2xjcGxfenFUMTlEM3VTQ24yNWxWbFZKRUV3MU9sZFNNbEs2Sld6MnIzX1BDYUVUOHNMWVc5WmZfX2JPVllZcElN?oc=5&hl=en-US&gl=US&ceid=US:en,医疗健康,2026-02-06
国内高端医疗服务标杆今日上市大涨，腾讯是大股东 - Sohu,Sohu,"Fri, 06 Feb 2026 01:58:14 GMT",https://news.google.com/rss/articles/CBMihwFBVV95cUxNSEdITWxDVkQzUWpXZk1WQmQwVXVVSUd2LUg4aWZ6WEFoYkNmY1NnU21XTGF4N01aU3M4VlZnOHVrSDJMdi1ubHdYcmFwRGFEa0oxa0FBOHBybWd4b0VicGVIQmp4bDR6Ry1HS0dZc1BiZ0NIa1BUOGk0LXp3dXoxak5rX3IzWmM?oc=5&hl=en-US&gl=US&ceid=US:en,医疗健康,2026-02-06
党建红领航医路兴 初心如磐惠民生 - 中安在线,中安在线,"Thu, 05 Feb 2026 08:55:43 GMT",https://news.google.com/rss/articles/CBMiakFVX3lxTE0zbFpMNnAwc0dwZm1FSWluV2U2TUl4V281VGdQOTNvUnpIcWpsTnNzeXRVWkFmUnZ2Y3JDSWlNaEpHb3hQTXVMb3hQS2pGNktkQ2hPaTRtZkh6WktrT1NTdzc5NjNjdXd3dmc?oc=5&hl=en-US&gl=US&ceid=US:en,医疗健康,2026-02-06
日照港口医院开设“午间门诊”，让健康服务精准对接群众需求 - Sohu,Sohu,"Fri, 06 Feb 2026 04:26:16 GMT",https://news.google.com/rss/articles/CBMiiwFBVV95cUxPQ0VaNGx6RGJKRk1xdjg2MEdPQ3pVSVpuTFlRa2JYc2tYcE54c0UxcVM3b1hzOHVyZUZKQ2NRTUFOMGllSjQ1SGNJc3hmcXgySXpHdTROSmVoUXJsb081YVRNS0xnVDRUZW51UGE0MXBFbDRJbFprOGlSVkpWeWVfbWRfRUpBTnZyYjNR?oc=5&hl=en-US&gl=US&ceid=US:en,医疗健康,2026-02-06
爱尔医疗间接控股湖北一精神病院引关注 - Sohu,Sohu,"Fri, 06 Feb 2026 00:31:48 GMT",https://news.google.com/rss/articles/CBMihwFBVV95cUxQTl9OM3E5OFFSamFQQ0FVR1NiVi1KVFJld2ltU2ZIbG8wT0llR1BXY1I5ZWlUWlRqYnRaRzJOc1ppVERtdHZDRzExYzNLWFNyTmxScEI4WnZTaFJ3WGNFMUhDVkQ5YWJqMjd5THpTVnJzR0JiUGJSdWVOcHlFRzZFZl9PcVhla3M?oc=5&hl=en-US&gl=US&ceid=US:en,医疗健康,2026-02-06
从“家门口”看病到“顶尖医疗”，如何实现？丨民生拼图③ - 华声在线,华声在线,"Thu, 05 Feb 2026 11:22:51 GMT",https://news.google.com/rss/articles/CBMiX0FVX3lxTE9HRXV2VmRJRWU3RUtqTzcyaHBvMjlJZlhQMUo0ZEEzLVM1bnUzLUZEdVF4VmE5WkNKM1ZKUVRzRHhoM1NGbU9GVU5XR2Y2SklXaXQ0VFFGbEVDeFlFcmZr?oc=5&hl=en-US&gl=US&ceid=US:en,医疗健康,2026-02-06
华泽健康城，“皖南美学生活”新名片 - 新浪财经,新浪财经,"Thu, 05 Feb 2026 17:57:00 GMT",https://news.google.com/rss/articles/CBMieEFVX3lxTE5KWFVidzV0a1ZkTnJHR3NhTEhQakstbm1xajVXc2tTSkx3ZzBvYVI1MmdfZGxTc1dGR3RtdEdQRGh3Z2wyWEh4QllRbGxFeXd1dVk5VkdKdndSRDIzVzhWWkFHSkVYSVZwMzZNWmVfc2RuSmJma0xzZw?oc=5&hl=en-US&gl=US&ceid=US:en,医疗健康,2026-02-06
高瓴押注“银牙”赛道 增持现代牙科背后透露何种信号？ - 新浪财经,新浪财经,"Thu, 05 Feb 2026 11:02:21 GMT",https://news.google.com/rss/articles/CBMilgJBVV95cUxNM21JTVdXc3VyMGZpaFo2ZXRjMHhRalkzTUdsaWJ5NzR4SnE0WmNnZE51R3BNc214NXJMcDNlaTFfSW41TEY5YWNBQ2otQWhMV1lZNWdRVkxodGo0UXdxekNzYng4alJXekdKX0pHTE93eXp5OXNMTVNHbk5uaTFGYXk1NXltZ2laZGpNM3huc2MtT0dTcThYMnBkSGtMeVZ4WnpicDdTZkJQTHp5THdjSzBQbnFhMGxLMEo0RDhNeXQ2WF9ZZEhvSy0zTExuQ1I3dDc5U1FnbU10cVlycDgtWUxsby12VWNtNUE5bm1lRUZlNU1ab3pZUkE5OEExd0pkdnNkN281eGpPczFDR2otZHYySGtKZw?oc=5&hl=en-US&gl=US&ceid=US:en,医疗健康,2026-02-06
沃壹股份携手企知道，构建呼吸健康技术创新生态 - 中华网,中华网,"Fri, 06 Feb 2026 03:38:06 GMT",https://news.google.com/rss/articles/CBMibEFVX3lxTE0tMEpvMlJMY0dqZ0VUUWNmY2NkdGx5WG1tSlI0bExtaUphMXQ0aHlJUkdGRUZHREtjRXZyVEFHUDJBU20yNHBfNmdZZ2tEdkNTTlBmdC1fMk55Y3d2Yi1iRkZPMUdFZjdkRlU0Xw?oc=5&hl=en-US&gl=US&ceid=US:en,医疗健康,2026-02-06
提案建议点击｜王东平代表：科学减重，拒做“数字减法”，深耕“健康加法” - 中国江苏网,中国江苏网,"Thu, 05 Feb 2026 14:16:00 GMT",https://news.google.com/rss/articles/CBMiiwFBVV95cUxOenNjb3EzLWZPMVVJZ0w4aFZxU2lNcE9KX0JzbXFRcUl0TGViRkRaWjhNRXJtRTRBMU81VF9wbWNNckU4RkVfa0c5TmtXSUJ5ZGJZQXRPVmg0T0VBV0NHV3FYQUZ2QUcwVGozMl9JZnlUeXd3aEpWclBqcnJhLUJVazhjakdoS1E0ZUo0?oc=5&hl=en-US&gl=US&ceid=US:en,医疗健康,2026-02-06
上海两会代表热议“老外来华看病”：国际医疗不会挤占基本医疗资源，建议做整体规划 - 新浪财经,新浪财经,"Thu, 05 Feb 2026 13:03:00 GMT",https://news.google.com/rss/articles/CBMihAFBVV95cUxNajJoWnRZYnh5TDVKb1A1MFc3YWF6SG9oR0NkRzdzcTRrSW5ZY08wcTdfb0pybUdiemM2X1J1bldMcU1NTWI1M3JwUS1NNFpiQUpFa0JJRC1IWFJKYTBVUWJxVjdjY21XNERsYTBMY0xYY2tFVGt5aFpNbXFpdExENlhtM0s?oc=5&hl=en-US&gl=US&ceid=US:en,医疗健康,2026-02-06
直击两会·江苏之声｜激荡新质动能 打造“人工智能+医疗”样本 - 央广网,央广网,"Thu, 05 Feb 2026 07:53:54 GMT",https://news.google.com/rss/articles/CBMibkFVX3lxTFBRMUZ4WVJGRXM0VmxrYXVQSnd0Y3RxM2V3QlJ4aXRLLVMya3RtN3R0Q19FTG1pRHpDbFl4LWw5VWp4NUxSZkNfT2trMXJtNHhhOGdXaWV1TXRDTGx3VE4wbGhJdzhPdDBPSkpmU29B?oc=5&hl=en-US&gl=US&ceid=US:en,医疗健康,2026-02-06
锚定党建“定盘星” 绘就医疗“新图景” - 中安在线,中安在线,"Thu, 05 Feb 2026 09:39:14 GMT",https://news.google.com/rss/articles/CBMiakFVX3lxTFA2a2I4NzZ0bjVTalNwejJPV0d3VFVwMUxRZzFwQmdNYmdaTVh0V0wyaVlBSk9RdnhIMmFQeDF3MDcwVkxMSHo5TDg2SUNOZ3AwejVCeWF3aXo3Q2h2OU1WdDJRUmxoeE0wc0E?oc=5&hl=en-US&gl=US&ceid=US:en,医疗健康,2026-02-06
国家卫生健康委工作组赴湖北督促调查精神病医院有关问题 - 新京报,新京报,"Thu, 05 Feb 2026 12:34:12 GMT",https://news.google.com/rss/articles/CBMiZEFVX3lxTE10eVV6c2FvNTg4UXJYSHR0Tl81R0x2QkVwcU8ya3pRV0xTVXh4U25NeGY2SVhkaDh5VzFES3VjU0xrRDR0bUFlcU1hRlFrZTdKUzF0MXNHaExDNzVjTXJXdmpEcmI?oc=5&hl=en-US&gl=US&ceid=US:en,医疗健康,2026-02-06
华为云“行业AI梦工厂”智慧医疗专区落地，让三甲医疗经验下沉基层 - 凤凰网,凤凰网,"Thu, 05 Feb 2026 20:54:40 GMT",https://news.google.com/rss/articles/CBMiSEFVX3lxTE9oRVVPQVVyX1ZYMUhYTmtNbGpWblByS1dGNlF1ZUk5c0V5ZlRIZFJtVHRBYmxVV2tYWUhxa2VHRmYtQTZHV0lMTg?oc=5&hl=en-US&gl=US&ceid=US:en,医疗健康,2026-02-06
爱尔医疗间接控股湖北一精神病院引关注 - 新浪财经,新浪财经,"Thu, 05 Feb 2026 15:14:00 GMT",https://news.google.com/rss/articles/CBMieEFVX3lxTFA4OXVtdHp3aDVSSE1jZ3FFRlU5VEdITzAzcXBDT1p6MW81TktNaGxhLWtGT3RsNDUzMWo5YXFiN3d3M0FpRkJvbVBuMlpPQWxGZ0w0TjNmYXJJOE1SYW1kVWhyd1VNbGthSDVmWUdQT3ZENU9QZTAzbQ?oc=5&hl=en-US&gl=US&ceid=US:en,医疗健康,2026-02-06
爱尔眼科董事长陈邦为一疑似“骗保”精神病院实控人 - 新浪财经,新浪财经,"Thu, 05 Feb 2026 13:02:00 GMT",https://news.google.com/rss/articles/CBMieEFVX3lxTFAzZ2xlY1hkREE0d1hRTkZRNy1zTmRVNzhkUHlybXZ1NWppQU5mYndQa0ZVM2NSNjBfLXQ1VVpIS1pYTTBRZ3F2SHFKUkk4TFdwMFBraGVsVmZJNXppU2hnYTJLRFVBeFkwZi02TmpGTTE1VXRlZ0pZMQ?oc=5&hl=en-US&gl=US&ceid=US:en,医疗健康,2026-02-06
西部“镇能量”·横栏｜中山横栏镇为6类老人设立家庭病床，医护上门服务每次收124元 - 中山网,中山网,"Thu, 05 Feb 2026 09:54:01 GMT",https://news.google.com/rss/articles/CBMib0FVX3lxTE9TSDZJN1lXRU0ybHJmTUdGR3pjV3k4cXBHeVpBTndYTWdjZGxiX3FiM0lTRnRhUVpxNUdocUJVR1BkVkNIWGo0eFZlVnZQRDdvWlA1cjA3RnFoaEJJMGVEOFI4U3puODBwUW1nbFJRdw?oc=5&hl=en-US&gl=US&ceid=US:en,医疗健康,2026-02-06
可孚人工智能研究院揭牌，加速推进AI与医疗深度融合 - Sohu,Sohu,"Thu, 05 Feb 2026 12:33:08 GMT",https://news.google.com/rss/articles/CBMihwFBVV95cUxQVGdsMlJVYnZ6Y284Q0dRRDVwTUk3LVV1T1VDY3F6M0s0TzFRbnBTcTZsb2gtejFmZDN2YzFrb2tKZEs3eXFoLUJnRDFiRmc1VjV2RHFBM2dJSUY5WERmLTR6aERxVlV2Z2Z5ZW93S01qamhoNEdRalhZOHFPT3pZa1U0ZXpJWUU?oc=5&hl=en-US&gl=US&ceid=US:en,医疗健康,2026-02-06
在家门口遇见“AI医生”，苏州基层医疗迈入智能时代 - 紫牛新闻,紫牛新闻,"Thu, 05 Feb 2026 10:43:00 GMT",https://news.google.com/rss/articles/CBMieEFVX3lxTE85OHZ3bVh2NnBCQmFabjVZRS0wT044NVJleDhGcVNQOXdzQlVhWG50dk5UTWZMMjY1eG84S2NmVTVuR3ZOOGplRDJURlVCdGliOGluR0pfcy1Fd3BlYW9GRFBLZzg3dGNUQjZQVU5hOFd2aHVYMUNDWA?oc=5&hl=en-US&gl=US&ceid=US:en,医疗健康,2026-02-06
宁波通报小洛熙事件调查结果：一级甲等医疗事故 主刀医师吊销执业证书 - 新京报,新京报,"Thu, 05 Feb 2026 07:29:00 GMT",https://news.google.com/rss/articles/CBMiZEFVX3lxTE91aW1VdHNscUNuWkJTUkxnWG5TUmVaYnI1eFZ0VV8yenMwUy1HTzk3bHE1bGZEZGtwVDFOSHlaWWctQjRhZmU0WUZDRVlvVjU5RVB6QlpaVEVQZ3BlUGtSMWstbXY?oc=5&hl=en-US&gl=US&ceid=US:en,医疗健康,2026-02-06
老外“打飞的”来沪看病 对标全球一流，上海如何织就一张有温度的“国际医疗网”？｜两会话题 - Sohu,Sohu,"Fri, 06 Feb 2026 03:18:10 GMT",https://news.google.com/rss/articles/CBMiiwFBVV95cUxOVndwal9RTmoxSGZyM3hRcWNXMi12d3BaNnRWdWtoTUhnWlU5MzdPbVNYRmNlWWNoeXNMX0ZWbUg0RWJPUGJ2Z3hMb1E1dXRsMkxtU2tGRlJFMS0xbGpfNnhYVWtIUlVRVW5oRGlRZXN0N19fWWVMOHVzTU5QeFRfWWRoaTZuYk5EMlFV?oc=5&hl=en-US&gl=US&ceid=US:en,医疗健康,2026-02-06
卫生保健总局局长接待瑞典卫生与社会事务大臣 - الهيئة العامة للاستعلامات,الهيئة العامة للاستعلامات,"Thu, 05 Feb 2026 15:59:43 GMT",https://news.google.com/rss/articles/CBMiggNBVV95cUxOclNPRHdraDNhaVR5WnctVFhEU0lMNGZUQnp1a1ZzY1hGbVlackhjMUJpVnBYLUhodkMwY084R1lsWWpEUkk2YVdydl8zMXdkZlE0Y3JEOUhsTzdtWGVDaUxPalI4czdVZHp6SkMtbVAxMVlrZEcxek5MSjAxcnRLeXJpelRiWmh0Nl8xQ3RLamVmZTc4RE5ZOHdnclAwcDI0aFAtY0dPYUY4dlJwTjZ4MXZfN3g4TlZFRFZneWRSSmJTQTdjQmhTb1g5MzJWMnNwLXVhc0h2U0VSTVlZd0tOS0ZvTXg1clJNclRIamlaM0NQaVB0aWFtRWx0MmE4VTcwV0ZYR0MxNkxBcjZESEt4ZW95WFRIdVNmb2I0Q2paWm1DT1IyNEhGalBTNFFiXzRqMHNlZnBqQUQ0cWJIVENaTzExQWR4SS1JbncyeHBtOFluekZCMDBweVpJUlYxeFIzdVFBR2U3WU12NjZpUTI2VzBiQWVYSDhnQWZhV01MVDdvZw?oc=5&hl=en-US&gl=US&ceid=US:en,医疗健康,2026-02-06
净柔CINSOFT【荣耀新启，蓄势启航】聚焦医用级无菌卫生巾，深耕用户服务体验 - 中华网,中华网,"Fri, 06 Feb 2026 02:06:53 GMT",https://news.google.com/rss/articles/CBMibEFVX3lxTE0wWkFMb3NVcnppNnNQZmFBN1YwTEg0X1VqVnVsWUxXRm02Y2RnR19fY0ZxWFNJN1c0Nk9DamEyYnZGcDBwSEI5VGF2V0t6eElNcWpkOUZ2S2x6a2F4ZjkyZGNLT2ptaFZHVTQzVg?oc=5&hl=en-US&gl=US&ceid=US:en,医疗健康,2026-02-06
钟日胜：AI赋能诊疗服务 打造惠民医疗新模式 - 新华社广西分社,新华社广西分社,"Thu, 05 Feb 2026 08:34:06 GMT",https://news.google.com/rss/articles/CBMiggFBVV95cUxQT0VYX1h2REJudkxEWXRUNWxxaTVwZzFBbEI4cnk0UlRRTTlSYlR1TG1mNk1XaV81NTVaNGphUEQxdGE0dE5sREhSMlZ4Z1pScEl3YVB1V0NhQVgxdXlEVTI0T0kzbnJBQ2JYMmphWEJIWEtyX0JZS09ScEpDajFianF3?oc=5&hl=en-US&gl=US&ceid=US:en,医疗健康,2026-02-06
2026年首场“健康中原行”专项行动走进河南巩义 - 新浪财经,新浪财经,"Thu, 05 Feb 2026 09:25:00 GMT",https://news.google.com/rss/articles/CBMihwFBVV95cUxOVFl5UVBDU0ZVRDRIZzdOVjI5SWZSckdORExYVlFIZnFVbFBTeGoxVnYwbGdOeEIwVDJiZ0djOHdWWjl6Q0tQSTFRWF9JWGd6eDM4QmpmakFJUnc3YWxjVW1sYUxFVklvRDJxOVFhYkE3V1ZPanhBUEhUNE9HcU9LajJQdXAwdWM?oc=5&hl=en-US&gl=US&ceid=US:en,医疗健康,2026-02-06
从“搭架子”到“通血脉” 四川深化“两个紧密型”医疗需做实“一体化”丨解读政府工作报告 - 四川新闻,四川新闻,"Thu, 05 Feb 2026 11:24:35 GMT",https://news.google.com/rss/articles/CBMiY0FVX3lxTFBqU2poNXZKbVFVMW5kNUZIODg3QlJCYXh2czQ4SlhvSW5ZTVNPT1llajhuVDhHQjZ5WUQ3c21Sb0c4ZDRlRmdBVnJfM1BSNFJ5d0ZpejZ2dWpJb00xcXhyZnpPQQ?oc=5&hl=en-US&gl=US&ceid=US:en,医疗健康,2026-02-06
带着民声上两会：医疗AI井喷 行业标准亟待建立 - 新浪财经,新浪财经,"Thu, 05 Feb 2026 14:36:00 GMT",https://news.google.com/rss/articles/CBMieEFVX3lxTE5CYnVFZ0EyMDFSNXZLSS1UZFFCZXp4R1JOdWhoSGpyUU9Fd1ctTEtoalB6a0R3Zk9JTDZQLVhaMmNpOEU3UWxyRFdwTnl5ZjVMQ1k2R3RRMDFfOFZ3anRneEw4SmxNUEwtYjJJX3VqZzJKLUNCa2Zheg?oc=5&hl=en-US&gl=US&ceid=US:en,医疗健康,2026-02-06
山西爱尔携手美目医疗共建“义眼定制临床合作单位” 为眼部缺损患者点亮“睛”彩 - 中华网,中华网,"Fri, 06 Feb 2026 01:16:08 GMT",https://news.google.com/rss/articles/CBMibEFVX3lxTE04aEMza012cGNGUW1ITnFCRkp0Y0d0emExTy1YZVhqcmlhY0F5c3N6MFhMMGpDcWZvNUFNbDhwMDM4ajQ5S1d6dlBYUEoxT25GNnM5MENEMlRpRDJtZWVjVFdLMW82bHdLUGtmQw?oc=5&hl=en-US&gl=US&ceid=US:en,医疗健康,2026-02-06
国家医保局：医保影像云织就全国健康“一张网” - 中国医药创新促进会,中国医药创新促进会,"Thu, 05 Feb 2026 14:30:44 GMT",https://news.google.com/rss/articles/CBMiekFVX3lxTFByZ2Q4S0VXMk5Mdnd1UEJVWDluQk03bHVCeDBMS210bkE1eEs4dTdlLWw3UC0wS0FyVVgyNWdwMllPMGpWdGROMlJDakRiQUtUVjRqck5Rd0hGVURXQlNXczh1eE16bEtQbExiNWs4TWlRS0dEYUstZHF3?oc=5&hl=en-US&gl=US&ceid=US:en,医疗健康,2026-02-06
推动新场景大规模应用，医保场景培育新政出台 - ByDrug,ByDrug,"Thu, 05 Feb 2026 09:38:00 GMT",https://news.google.com/rss/articles/CBMifkFVX3lxTE9JTWRuam5NVGs5T1ZhTFIyY1NHTEJOZWNVaGhjQ0lzV0RIWGxRZ2o4UE12Nnk2a2NnLVNyY1NUbERJZGtGTHFMRzlTWEtwNGc5ZXByVXk4Z2pFNjRFQXYwSi1UMkdjTTZHOGY1dTR1MEpMcm1Kc1NqT3dSVEw3QQ?oc=5&hl=en-US&gl=US&ceid=US:en,医疗健康,2026-02-06
国家医保局：加快医保领域场景培育、开放和应用 - 新京报,新京报,"Thu, 05 Feb 2026 07:11:00 GMT",https://news.google.com/rss/articles/CBMiZEFVX3lxTE9qWnVPQ040aUNFUVJEQW1iSnMtLW9GT3h5U0lOdk1UbldVdmhCNEkyQk14ZWFUUkxnUFFaM0VRR0Q2MGxJU1Zvak1qVUllb25TU1dscHZ4TlFxLVEza0lSOUpZU2Q?oc=5&hl=en-US&gl=US&ceid=US:en,医疗健康,2026-02-06
政策丨国家医保局：加快医疗保障领域场景培育和开放支持新场景大规模应用 - ByDrug,ByDrug,"Thu, 05 Feb 2026 09:44:04 GMT",https://news.google.com/rss/articles/CBMifkFVX3lxTE45aU9Id1FzTWwzak01WHZKYU5QYTRUbHZwd3BWaTNpcXVlQkEwd2NOZENuQW9pMGtYR1dTQjRVMHlGZlBCWTdYYWxxcXhvaTJMNDUxZ3V0c2Rlb1BaeTlqbkllUFEyM2dUTlJkamFoWUFlaWNOVjVuaXV3UTY0Zw?oc=5&hl=en-US&gl=US&ceid=US:en,医疗健康,2026-02-06
中国（湖北）第19批援莱索托医疗队在当地开展急性脑梗溶栓专题培训 - focac.org,focac.org,"Thu, 05 Feb 2026 16:39:00 GMT",https://news.google.com/rss/articles/CBMibEFVX3lxTE1Pb2RQQXVnb3RidHRNSnpYZzJnVGRPZS01Ri1RS2pHRlZoV0h3bGY3SWIzdTRKZzVzTWVBaE11c2dWNzJMdXJFTkdTRlJYNWNLRmx2eWx3ZlJSVXJ2amszaThudXJ1cnA1aDh3SA?oc=5&hl=en-US&gl=US&ceid=US:en,医疗健康,2026-02-06
探针AI医疗专题：Biorce如何用“可解释性AI”破解全球2000亿美元的临床试验效率黑洞？ - ByDrug,ByDrug,"Thu, 05 Feb 2026 09:31:00 GMT",https://news.google.com/rss/articles/CBMifkFVX3lxTE9iSUFTV2Jaa0tLSERHZ3l4QjBXckhRWHFZTU14T190MXp2VWFSNFhvSmlGektzcjFiWlV0LXNhN3hLT0R1Vm5mckhWQVBOTTEtdnc3eVFkel9LRzk0ZVFoMDRvRmhQaG9DOXo4YUpKdGhuU2tEcXFKc01NRmV6dw?oc=5&hl=en-US&gl=US&ceid=US:en,医疗健康,2026-02-06
多元场景驱动，企业如何布局医疗洁净工程核心市场？ - ByDrug,ByDrug,"Thu, 05 Feb 2026 09:02:00 GMT",https://news.google.com/rss/articles/CBMifkFVX3lxTE5IZnhaMFhZQUFBOWZlM2xqVTczU1BGQ01pSm0xMW13d2hiQUd3aFJPWkhEdThHSTYzWFJxUkw0bXc5QndLSHJOenFLVEdZMTVycl91anVISUR2NHZPc0oyeHRQZEt4ZzFCZU5ZeDRobTlGWWh1blI5YllmUzlKZw?oc=5&hl=en-US&gl=US&ceid=US:en,医疗健康,2026-02-06
上海市人大代表、上海静和健康科技集团有限公司吴少游：完善司法保全流程、优化医疗跨境服务提升营商环境与国际竞争力 - 财联社,财联社,"Thu, 05 Feb 2026 07:49:00 GMT",https://news.google.com/rss/articles/CBMiSEFVX3lxTE0tV1hQM0hkTzJpdlpmQ1VfbThZdVJjbWxHdVRMU25kd0hYUG9yN2dfRFlSbElaTk1sTWdDaUVwWUxXTVVwMlROVg?oc=5&hl=en-US&gl=US&ceid=US:en,医疗健康,2026-02-06
潍坊智慧医疗成果跻身国赛_山东各地_山东新闻_新闻 - 齐鲁网,齐鲁网,"Thu, 05 Feb 2026 10:45:02 GMT",https://news.google.com/rss/articles/CBMidkFVX3lxTFAzeWR4bGxfbmM3NmEwYlQ5ekV6c21aYWVDTUdySlhJbl8wRWhwZVBXM3NxakNnNWRISF9SeVpua2RfdlBrbDRFcVA1U0g3MWhwY25KYm90VVYycjlYQUZ1UUNNc3dndmlpcVM3VjV5Qm1Fb2J3RGc?oc=5&hl=en-US&gl=US&ceid=US:en,医疗健康,2026-02-06
“企业出题、医院解题、政府护航”，上海奉贤构建生物医药融合新生态 - shobserver.com,shobserver.com,"Thu, 05 Feb 2026 14:08:00 GMT",https://news.google.com/rss/articles/CBMiXkFVX3lxTFBCQVRhbW4zTW13blV2b3JqZDBVZWoyR3llWWZBeHlEMTMzRmNsZ29ZdTRzSkZDT3dIY0RMUV85WXh4T2lQaFZScjBUcXVZQ3c2MkFMek95eUc4Uy1INEE?oc=5&hl=en-US&gl=US&ceid=US:en,医疗健康,2026-02-06
直击两会·江苏之声｜为罕见病“用药难”开江苏药方 - 央广网,央广网,"Thu, 05 Feb 2026 08:50:45 GMT",https://news.google.com/rss/articles/CBMiaEFVX3lxTE1ndkdkMlJxRXVoaXdaUFdEZE1ZMmwxVzRQeGhPLU5MRHpPRFlhNmJMdV85d19tQko4UTJRQnRnN0RuRVFiY05tV0JJZ2xLdTZBSlVVWXYzeGFfYUs5ZHVmZV80NVg5dUwt?oc=5&hl=en-US&gl=US&ceid=US:en,医疗健康,2026-02-06
长春都市圈医疗协作见实效 民众家门口看名医 - chinanews.com.cn,chinanews.com.cn,"Thu, 05 Feb 2026 08:08:13 GMT",https://news.google.com/rss/articles/CBMiaEFVX3lxTFBmWFlfZVExNm8xcnFpZWZHOW54S1VnRDh4RWFUbUpELXRYSGN1SHFIUWNCcUtldlNrRERPQjd5eWxXd09QNHNjNWtZeEQyQTViU1k3QWFXR2c5VmpSY1RYVmpqSmd3aktT?oc=5&hl=en-US&gl=US&ceid=US:en,医疗健康,2026-02-06
“上门出诊，我们在！” 她们把医疗和服务，一起“搬”上门 - 北京市卫生健康委员会,北京市卫生健康委员会,"Thu, 05 Feb 2026 06:12:29 GMT",https://news.google.com/rss/articles/CBMifEFVX3lxTE5BaW1tOTljdFpqTm9pOHFETk9oZmtyblpyZEN5YWhXZzNCYm5yVFk2X0VON3NMWndwQUtIVmx0UE4wNTdQZ3ZsOFVudEJPVllzVkZONWNmbGVxcjI4ZVBNRjBkbnJDQnIxdUx6OHp1Qzl5MUxKM2RDQUVpZFk?oc=5&hl=en-US&gl=US&ceid=US:en,医疗健康,2026-02-06
新加坡高级别代表团参访嘉会医疗 共探数字医疗与AI临床应用领域 - 新浪新闻_手机新浪网,新浪新闻_手机新浪网,"Thu, 05 Feb 2026 10:02:11 GMT",https://news.google.com/rss/articles/CBMidkFVX3lxTE1iby11b0ZlX2NOeDFMb3ZTeGNpeUdGWDBVOXIxOTVNa3V5UHNiXzBrNWlmQ1RaV0FYZ0lKNmZlb29RRU9aaW9YcFNUcTJzU2daSWh6bmJvZkI2WVZnemZlZWhFRlp4b29raHh4ZFhfRmZwYWExcXc?oc=5&hl=en-US&gl=US&ceid=US:en,医疗健康,2026-02-06
董事长被指疑为“骗保”精神病院实控人，爱尔眼科声明 - Sohu,Sohu,"Fri, 06 Feb 2026 04:33:01 GMT",https://news.google.com/rss/articles/CBMihwFBVV95cUxPV3I2WGVKam9UWDRERFNlNkhrUDMtc0czaTNJSVgzVml0djBxclRGNi1la3paVWt0czFQdndtRklTaC1MQVBtOHVXVzdSb09nZUdiOVVpZ1BCRkMxRFlDa3hMVm9VdExWeGJSVnpjdzh0WVgtNU5Ka2hOcFRGVEo1OWFhS0xxMlk?oc=5&hl=en-US&gl=US&ceid=US:en,医疗健康,2026-02-06
山东健康集团莱芜中心医院科室负责人“揭榜挂帅”活动成功举行 - 中国网,中国网,"Thu, 05 Feb 2026 08:38:10 GMT",https://news.google.com/rss/articles/CBMiaEFVX3lxTFBGX1Iwb0wwR21NZmZfb1dUV1lMSmk3cG1nT3JzNC1FM0l5Y1JKb3VJbFFPSjA5VHdLN2pKSnBoM1IwMllkODk2QXp3SnFMaDFjaFlydF9BbE4wNm9KYy1tNHhBdzAzeGZh?oc=5&hl=en-US&gl=US&ceid=US:en,医疗健康,2026-02-06
东营市医疗机构疾控监督员主题宣讲比赛成功举办 - 新浪财经,新浪财经,"Thu, 05 Feb 2026 11:50:00 GMT",https://news.google.com/rss/articles/CBMihgFBVV95cUxOeE1xRjdVUWlmR3JJNkRqaDZfdk96QV9SYVl4MFBpTEFBbk9pM2tWTHBvZFBsc0VXZlQ1N3BWbVVoR2Q0WnpTSHpTY09meVlNZl8taEJkSlRjQ1d4ME4tY294MkV1Mm5qc0tYa1ppYm5UZjVfbW5yUHRkZFl4dnZZWno0WlFPQQ?oc=5&hl=en-US&gl=US&ceid=US:en,医疗健康,2026-02-06
鱼跃董事长吴群以坚守品质，打造高端医疗器械惠及全球- 健康 - 济南新闻,济南新闻,"Thu, 05 Feb 2026 08:08:54 GMT",https://news.google.com/rss/articles/CBMiZkFVX3lxTE9Vd1hYWkFJd09XZVRlYjRwdjgzQ0s3VkcxaHFJekdhdnhaX1RmMW4wYmE3WXYta25UMGdhVDFsTjZmMTBZTkpVWDJ2b1d2VFpyMzZkcUl2NjhaN1FyZEdPWEZQaEpHZw?oc=5&hl=en-US&gl=US&ceid=US:en,医疗健康,2026-02-06
别跑空！成都多家医院最新提醒 - 四川新闻,四川新闻,"Thu, 05 Feb 2026 11:30:56 GMT",https://news.google.com/rss/articles/CBMiY0FVX3lxTE5oaVZTdW5RT010Y1RNS2F6NTE1eEYxNkdfcDFrMnF5RnByVnpQZF9tU1FIbE5iSkZZbmVsckNLZEY0QThQajlrempJak4wVmgtVjZvTFI4R1R6eHRfcXVLbV94QQ?oc=5&hl=en-US&gl=US&ceid=US:en,医疗健康,2026-02-06
四展联动打造全球健康产业融合新生态-广州福祉展即将启幕 - 中华网,中华网,"Thu, 05 Feb 2026 06:14:45 GMT",https://news.google.com/rss/articles/CBMibEFVX3lxTE1xdWl0VXFEVUEtNDN0QUEtbTA3WU1zWlZ1QWhqaHJLeUhKYzZjN05IeGxCamo2bGVGcG5MTk1yQ1NzeHY3eENqTnBlZXh0T2VUY0dVUFNWQTlJUkJBMjEzTXM5M25rbHJwNVJZWA?oc=5&hl=en-US&gl=US&ceid=US:en,医疗健康,2026-02-06
114种新药落地报销，甘肃新版医保药品目录全面执行 - ByDrug,ByDrug,"Thu, 05 Feb 2026 09:55:28 GMT",https://news.google.com/rss/articles/CBMifkFVX3lxTFB3ZTVNMkJDN2dqTXVUalZWLU1xem9NMHJGSkhYT1pBa2E0Smt0Nm53WG1WYUtKM0JaYVo3R1FJcTBuS3FfcWtpdUVaNTQwaS1RWDZsaWlwNlV3Wkp0M1RZM09NdF9VcVk1ajJySlE4VGZyYjlwMDVkWkgtTmctZw?oc=5&hl=en-US&gl=US&ceid=US:en,医疗健康,2026-02-06
守护乡亲健康“最后一公里” - ycnews.cn,ycnews.cn,"Thu, 05 Feb 2026 09:25:00 GMT",https://news.google.com/rss/articles/CBMiYEFVX3lxTE9pTGNFZ3pHakRMSm5TMC0tMzJTM3Ewc2pQVXVMeUt0cURnSWFKckZuNkN5YmdBbzRGRDRmMjUycFVPelZ4S21zUkhoLUw3UmVIWEtOT2dfY25IRXpYejIwMA?oc=5&hl=en-US&gl=US&ceid=US:en,医疗健康,2026-02-06
【首发】深度医疗完成A轮融资，加速显微镜手术机器人临床与全球布局 - ByDrug,ByDrug,"Thu, 05 Feb 2026 08:17:49 GMT",https://news.google.com/rss/articles/CBMifkFVX3lxTE5NbUpYOF9ScVJPaW5tWWIwdDZQM3d5SGIzaTBQS1pENmluMUVfMTZiMVFBTXBMenBhXzhSSW1SMXFRNjdTX2dPVG10WDhhYUFJN0IzOG5sWGZ5RE9ocDVPNEkyZE8zNWRMeXBIcjlJOEhzWFZYLXR3Q01PVDhZdw?oc=5&hl=en-US&gl=US&ceid=US:en,医疗健康,2026-02-06
治脱不能“一植了之”，雍禾为您提供从诊断到养固的完整答案 - 中华网,中华网,"Fri, 06 Feb 2026 02:46:24 GMT",https://news.google.com/rss/articles/CBMibEFVX3lxTE1vYkx3N1VuUk9ab013TExaNTV6dlc2RUdZZmRYTEJ0eFE1TnNJdm5iOW5MQXdSUjkzTlRuNmV6SXFiYk9xOEZaNTY2RkNjWExobkMtSXR1bklOdTdLTy1Fb0oteFVxWVlCQzl4aQ?oc=5&hl=en-US&gl=US&ceid=US:en,医疗健康,2026-02-06
人大代表王尔松建议放开家庭病床服务权限至二、三级医院 | 上海两会 - 界面新闻,界面新闻,"Thu, 05 Feb 2026 08:32:59 GMT",https://news.google.com/rss/articles/CBMiWEFVX3lxTFBLNmRHM3NmWml6a25vVU5va0FjV3ZjdGVnV2UzcDRlR2xsbDRpaUY4TFVEWmtoT2Q1ODRpNXNzbi1ONGdBSnBfcS16dU9HVkt5eXlYLUhCbUE?oc=5&hl=en-US&gl=US&ceid=US:en,医疗健康,2026-02-06
机构：中药行业有望迎来洗牌 - 东方财富,东方财富,"Fri, 06 Feb 2026 00:43:45 GMT",https://news.google.com/rss/articles/CBMiZEFVX3lxTFBFZFVoQzVRYVhhQWI4UXNKX05ob2ttTXVNZ3BnYVJESnE5NEc1QXo3dU51dDlfSnhOYzBoRVRiYnI5cWF4TUtRQ0tKaHZYMXhKcVM2SWp0TXJ6ZGx4aHZuaUFkcUQ?oc=5&hl=en-US&gl=US&ceid=US:en,医保改革,2026-02-06
山东医保部署“规划引领年”：将推动刷脸支付 目标常住人口参保率超95% - 齐鲁网,齐鲁网,"Fri, 06 Feb 2026 00:42:02 GMT",https://news.google.com/rss/articles/CBMidEFVX3lxTE1tMHJiZ2RQS3gzWFBCbHNsLVFVcFZjMUZfWWE4dXdqQm5TZTRLTnJtNzV1bTd0djlGN2VZbW8zTC1WVHZuQ0xibjNfSjRXT21MeC1SMVAxTVhmOTBHaUZOWnU2SzB2dGdJY3Q1SFhqZ3BDRGJm?oc=5&hl=en-US&gl=US&ceid=US:en,医保改革,2026-02-06
【丝路话语】斩断精神病院骗保“黑手”需动真格 - 新浪财经,新浪财经,"Fri, 06 Feb 2026 02:44:44 GMT",https://news.google.com/rss/articles/CBMimAFBVV95cUxQc2gtX0U0ZFVyM0IzSmZhWU8zNFl6RFVPeUlpUEdHT0NXN1N4NXUyVFk5NmxZTVR3SklvSi11LVM2VlZ1OGpXck5pTy1YNE5hWW1tM1kxMnhsXzByWTBaczZFVlJfSzRWTGYzT0VfRkhPV0ItWTl2Z0tDRTcxT0RGR25aSkVoczVfanhkdWpwSjA5YWlVbjE3ZA?oc=5&hl=en-US&gl=US&ceid=US:en,医保改革,2026-02-06
国家医保局：加快医疗保障领域场景培育和开放 支持新场景大规模应用 - Sohu,Sohu,"Thu, 05 Feb 2026 12:37:14 GMT",https://news.google.com/rss/articles/CBMiiwFBVV95cUxPV1NhS0dKd0txbFF2SFZmdzlvRXlMM3VmQkxVc2dINEVtR0FiWEtDR3EzNjRVak5mWkdZWU5wNjdXVHlwVWVWM0cyeEE4U2N1N2F3MjR0QTJkaTJ3cWU0T1l3ek0wWHdfT2RxMnllVkRyOXlzY01pM1JwVjMyc01ybjBobVR6VWhDcWlN?oc=5&hl=en-US&gl=US&ceid=US:en,医保改革,2026-02-06
江苏省人大代表吴昊：建议深化医保支付改革 支持中医发展与基层医疗 - 凤凰网,凤凰网,"Thu, 05 Feb 2026 11:59:21 GMT",https://news.google.com/rss/articles/CBMiSEFVX3lxTE5NZjBvSTJqdURnVFJlNGV3aExuXzRQU0wxempmeFJUbFcxcTdmOTAzUnZJV3NBT0dEOThDa3QtWTh4UDhFTzk0aA?oc=5&hl=en-US&gl=US&ceid=US:en,医保改革,2026-02-06
"Hunan, Hooray！两会特辑③“湘肴入味 尽倾心” - 华声在线",华声在线,"Thu, 05 Feb 2026 09:11:38 GMT",https://news.google.com/rss/articles/CBMiX0FVX3lxTFBPOUVTaDBnZ3RMc1lYVEZxNDlTeXM5LU01ZDBUc2J0TUl0R2F1Y09VMUxqSmg0bzRKdWJDMEhqWk1BRV80SExwcEl2c3cwQ3ZjUVNQUVlJVWZWOVFVRzVZ?oc=5&hl=en-US&gl=US&ceid=US:en,医保改革,2026-02-06
厅长通道直击丨张棉长：让“湘医保”成为人民群众贴心的“可医靠” - 华声在线,华声在线,"Thu, 05 Feb 2026 12:07:52 GMT",https://news.google.com/rss/articles/CBMiX0FVX3lxTE9ud3g3RjByQms2Z1l0aXNMOXpFTEE1LWxhSVFDYnRkLVljaE1kMjFhcTJJZ0piSTFBaVZjZmlEWU1BY0ptLXlROVVQeDJyWkFWU09ndzY3bnF3a0xMTFp3?oc=5&hl=en-US&gl=US&ceid=US:en,医保改革,2026-02-06
2月5日新闻夜览 - Sohu,Sohu,"Thu, 05 Feb 2026 12:05:35 GMT",https://news.google.com/rss/articles/CBMihwFBVV95cUxNOHIzcmNEd0M5VWJUR1VHcVJXd09RbVBldmhjblo0cTFacDg3ak41ZnVjdmE1TEhGamtOOWJ0aTkta3ZYTWFvdWtvY2ZsU1hMZHVqWk54Q1dfM2tkS1NybmZhZzdmMElkWFBMbkRvZVFkd3ZFS3Z5cnFMM1ZYR0JFWS1JdFNsOTQ?oc=5&hl=en-US&gl=US&ceid=US:en,医保改革,2026-02-06
军哥说新闻丨王后持枪公主从戎自己的安全自己守 - 华声在线,华声在线,"Thu, 05 Feb 2026 08:15:25 GMT",https://news.google.com/rss/articles/CBMiX0FVX3lxTE0yZkRwMlZDTVBoMGlpdERwREt2M2lNMksyNGh6aUxSM0w0cm5DMFJiMHQ5VkQ1bEhiVVg0cERJR3J5UHdOS1hsX0c1dkk2TXVXX1VQZUc4WkZLSHZsVy1r?oc=5&hl=en-US&gl=US&ceid=US:en,医保改革,2026-02-06
长春都市圈为四市居民提供便利生活 - 新华网,新华网,"Thu, 05 Feb 2026 11:24:22 GMT",https://news.google.com/rss/articles/CBMif0FVX3lxTE5xNDBiZV8zUnBxWFJjXzBsa2lhVmZRT2txWU5oS3lmaVh6VDFBTUZxY3o0cm51TXpETjJ0aC1oaFhMa3Zlck9jbWEzSDduSTdteHRrSmpUZG40bFo1U3daY19HR2N4OVhEYWNEMk4ycy1DZHM4UUg0M0ZMaFN4dzQ?oc=5&hl=en-US&gl=US&ceid=US:en,医保改革,2026-02-06
“救命药”首次落地湖南！DMD患儿不用跨省就能打 - 华声在线,华声在线,"Thu, 05 Feb 2026 07:45:54 GMT",https://news.google.com/rss/articles/CBMiX0FVX3lxTE5uMW9CVTVFeVVCWG0zdFRRWk1iZWJ1aDQ3Y1N3SWZhVUFvaS0xYkx3Q1BnTGl2VFpLdDE3eXFyV3VNU3FYU1A2UXQ3aXk3M0lyd3ZtWXdWTkMyUHJwbHhv?oc=5&hl=en-US&gl=US&ceid=US:en,医保改革,2026-02-06
畅谈实干举措 凝聚奋进力量 - icswb.com,icswb.com,"Thu, 05 Feb 2026 23:23:00 GMT",https://news.google.com/rss/articles/CBMiXEFVX3lxTE50VW1paUt5MGxVVnkyRFVNamhRSFE3YzB2ZThVaUpEZ1daWFVIS01wcTBlS0hDenNDMzVtbndObWd3VzNOUFNYUkdpajB0TTlnckk3bXBQNi1iWGEw?oc=5&hl=en-US&gl=US&ceid=US:en,医保改革,2026-02-06
国际医学：面对当前行业政策，公司与旗下医疗机构坚持规范运营 - 东方财富,东方财富,"Thu, 05 Feb 2026 17:06:19 GMT",https://news.google.com/rss/articles/CBMiZEFVX3lxTE40Q0lOY1JFUTJYcEFNQ0NlN3BMT3g5dmFfRG05OXE3bi1qRlBtZUhDV3BqVmh0Smc2WUlhM0hVMW1PODZtdXQ2dnNlZlI1aWZDVnJFWGVHMDZfV3Q3ZXNVc09KR3A?oc=5&hl=en-US&gl=US&ceid=US:en,医保改革,2026-02-06
长春都市圈多点突破促协同 政务服务共享惠及千万民生 - Sohu,Sohu,"Fri, 06 Feb 2026 02:54:04 GMT",https://news.google.com/rss/articles/CBMiiwFBVV95cUxNUklqVUNvaTljSmtqU21lSm1GLTIxbTJzMTZ3TDBKN2ZRaHpncncydndHOFlKMjVPakpDbmlNSkFVNVpGd0FyYUNHV0RKQnkyM2UtU3hacEw4eWZqT2dndU12ZnhLRGpYMGpVcGJYMTEzcmNGOHpKYlM3aGhlSzNzNWR2U25CSFIzUVFn?oc=5&hl=en-US&gl=US&ceid=US:en,医保改革,2026-02-06
